,feature1,feature2,feature3,feature4,feature5,feature6,feature7,feature8,feature9,feature10,feature11,feature12,feature13,feature14,feature15,feature16,feature17,feature18,feature19,feature20,feature21,feature22,feature23,feature24,feature25,feature26,feature27,feature28,feature29,feature30,feature31,feature32,feature33,feature34,feature35,feature36,feature37,feature38,feature39,feature40,feature41,feature42,feature43,feature44,feature45,feature46,feature47,feature48,feature49,feature50,feature51,feature52,feature53,feature54,feature55,feature56,feature57,feature58,feature59,feature60,feature61,feature62,feature63,feature64,feature65,feature66,feature67,feature68,feature69,feature70,feature71,feature72,feature73,feature74,feature75,feature76,feature77,feature78,feature79,feature80,feature81,feature82,feature83,feature84,feature85,feature86,feature87,feature88,feature89,feature90,feature91,feature92,feature93,feature94,feature95,feature96,feature97,feature98,feature99,feature100
A1,11.189820205629816,11.40403313526787,9.491478732685987,9.403377893705908,9.856504503617154,8.611186506807599,9.622057087669024,10.40471375866457,8.984412381519181,10.404661708238246,10.128198127962186,9.021955771070616,11.95811997657704,9.621662869488985,9.548821636773974,8.469261579105861,10.909331791647258,10.385469582211204,9.167440501691182,8.83057523617008,10.220506636417838,10.886165793642926,9.68401859606973,10.72001668033944,10.381198578351594,10.011671936945287,9.136730086955819,12.121259122980211,10.60599425490058,11.428613232188132,9.99320426535508,11.070313901586243,10.574068877958158,10.282602834053693,10.401275734056798,8.964488465791751,9.699733420940408,9.808786454137334,9.856541212541334,8.630433638815092,10.300837156977908,9.328102279770546,11.605511447691065,11.762637060414038,10.073437153528886,10.710055787108805,9.483911255266642,8.606886084742111,11.190241002324571,10.80020561885159,8.668353021243997,9.616363145056667,10.058183332387067,10.29331889193798,11.143689125154564,10.519685918856247,8.307990719264104,8.632354566431927,9.644685506141126,8.892716979703607,10.825985884569787,9.566657358891323,10.008184930762477,9.824131448275116,10.25048572723922,9.638881293347055,9.481260347218864,11.963681483324624,10.010246332597735,10.009424404744063,12.26507990145844,9.185251652845544,9.536247133834017,10.02244501632347,10.569130979128648,9.722983041732174,10.14954777574301,10.714161831917584,10.62284767760289,9.81001893985107,10.168637993112972,9.634690886837136,10.079489309999412,9.983592968431303,9.94130458373519,9.900641673439914,8.651628449644036,12.158098210188346,8.883416122638423,11.648023236075138,10.617293565078239,10.72146944645823,8.955690967646404,9.124559823240583,8.096787711616528,9.483315440230234,8.922227396501128,9.716489816335965,11.358935533972186,10.761216772416887
A2,10.391178148679856,11.24482183067228,10.316828058729799,11.088371194153193,11.502430972874325,9.802938391572372,9.316278129484232,9.786442864409262,9.988422470920797,10.0211740565051,9.402251219795671,8.887643480061623,9.038378894374501,8.840323961200037,10.665829396802263,10.988782918625391,9.963846932179809,8.466614249666804,11.518053012697651,10.858521841501657,10.153603957179618,10.46765633937861,10.431002810772675,10.225019111967576,9.373600234808531,8.581357589277832,9.55417980815338,8.966228948299342,9.865751727038651,11.478406789478187,8.523102608797862,9.74114704515367,10.52913394014354,9.85606361154029,10.752779719902781,11.156096887776968,9.258070070714698,9.60204348817936,10.921705324930281,9.733136414788433,11.289770445577844,9.686547138618335,9.235952135757127,12.14623705180231,10.098215761559063,10.360966092287274,8.964500056426765,10.1736740747272,10.834761860941947,9.854255763014656,10.215273848393027,10.121707346618377,9.950386569804234,9.920790414703294,11.421647466590192,9.444541494290085,9.638070953964629,9.583277049582405,8.88070939378258,10.991524417021807,9.734635614036499,9.654469726470392,9.085246394789692,9.584682738709056,9.506212486431396,9.238594522849862,8.583605218459164,10.440670583574494,9.52895413783778,10.120381207368158,10.110833831764682,10.263246132106804,9.987667705994694,8.680632589824338,9.52398691190631,9.824052568963696,9.425277084151514,9.420599132413054,9.937468500083932,11.149081091599605,11.678484672956099,10.09007587124766,9.791804150202491,10.866054749379416,10.470543799666492,7.974690108040152,9.452295983209124,10.243008651751515,11.031589441085307,7.996850750499775,10.726215628933021,10.544934439543598,9.055707774539666,9.292658434413612,9.197131186280231,8.574426595438936,8.969947429026874,10.83355362524217,10.572350119029721,10.953037211813841
A3,11.45500407686616,10.249187391125439,9.820721300642262,11.988907982132886,12.18570905319162,9.897076423549555,10.989671244160382,12.168307539458024,11.503334323142909,10.3529151548903,8.987354109623215,9.04234543685273,9.209118294002936,11.206600813417028,9.434572171941756,11.717872852867007,10.121887103219684,10.704276409916826,9.365660711582466,9.568929709777727,11.65237730261248,10.07792350115241,10.147868603896374,10.915351860163621,11.906981196983708,10.568022836213418,7.7006252251273715,11.465386593507258,8.221027186706717,8.241616453947945,10.485417421666103,9.417957559542497,11.515721515759514,9.512890612272889,10.02731030816613,10.45938260404307,9.37494418990414,8.47382061340807,9.480559866507633,8.500355722455078,11.489474940334619,10.5582252837763,11.163299458899045,11.48877484600591,9.50776874801059,12.095136122029079,9.960799151930466,10.348407572574422,10.934017294272302,10.34926633619394,8.47007277472526,10.591698987823023,10.748990530778986,8.849874301646569,8.144278530773809,8.569216741945189,12.22997229439671,8.07369764495225,9.76362738697607,9.976980017630378,9.432177763018895,9.68903415371708,9.103693681094477,11.067333274674494,9.633653687699587,9.625790158524353,9.893487025075807,10.476829891710686,11.567874601227944,10.024215295769297,9.424485678220284,11.737270857708044,10.19037245517475,10.748598054351172,10.759922496407356,9.429929425352693,10.308567229444808,8.541259996586225,11.394993494257971,8.894979046521861,9.504461939678237,9.064981137536126,7.258913458382175,8.323135813355133,11.331950456446654,8.49784630366769,9.325301653072708,10.383095373325135,8.923926183663669,9.854387404360162,8.267234119761213,11.158626828911823,9.59791287663371,10.0748588852749,8.531206328479938,10.52662421550145,9.935249731752792,10.278680467309279,9.15560056313568,9.90083253246149
A4,10.537250888605312,9.279794072143845,9.526001621640809,9.32480271972732,10.866911362273578,10.190830836191676,10.052305316685347,9.47350284933254,10.44254227425624,10.574281250258982,10.792222500281833,11.15887596868734,10.25774758908269,10.066893921768994,10.304778525373019,9.385217234333947,9.564040337510955,10.925614890157677,12.05104118024785,11.053050762753745,10.999035462132987,10.583295068765008,8.228853786097392,9.760019792544583,10.393719878756746,9.278266294551234,9.103238570387157,10.339981804207675,8.768320493235041,9.717073056182034,9.960443966702709,11.495245730817853,10.120332495583252,6.589173038372135,10.014124848461307,11.06717383524234,10.829927014446302,12.090596630855302,8.902580296069909,9.89385997908508,9.39180196584285,8.939135390409257,11.213703812758684,9.022791842309411,8.992163228297073,10.872177059136295,9.318951030344506,10.45804600893603,10.126971137498968,9.506263426406742,9.46973893243153,11.981324592753174,9.497362080568239,10.693128898514292,9.954048944942407,8.070943432771166,11.693638235547454,10.082440900172571,11.389035580076888,11.228178747326425,8.86089912554972,10.370414019408727,9.326961795912679,10.325604508492114,11.289737201939925,10.545678202982854,9.695914068069776,8.438739924332925,9.131906979852097,9.757757878410258,9.88698485005244,10.320970499346593,10.954670815882714,10.15974912470319,9.709417880253582,9.264714277971468,11.501186717557548,10.433891376889475,10.523681317380582,9.96703561680935,10.796288023132833,10.090787134385018,11.257920294954042,9.423546293840495,8.630471366653046,10.115891591061432,8.35611055649807,10.873712238948029,9.42152905742192,10.980967227654425,9.27527134877955,11.701943556886789,10.040593438621828,10.071009761145934,9.239227308866756,10.022452553247334,9.798446457601418,8.973277178286104,9.11132875160832,9.985261447379884
A5,8.964289151226595,8.789856659014962,9.830032205293993,8.750834594509275,9.994949009333057,11.333572142289626,10.839719824787087,10.48829809718385,12.115856460348507,9.075058975528368,9.378522293056335,9.798786937548075,9.508166101895378,10.671561105740093,10.055822823148114,11.783167131555642,9.119755447211936,10.029987969433737,9.555111296573706,8.604930958822578,10.48076410186827,9.830063304462936,10.27258484746181,10.639853722069756,8.919387442746201,9.790933937803697,10.568810288016559,10.89685767374241,9.660793082555179,10.70248891768216,9.388022107822005,10.97102937521646,11.518301714060122,10.132313115642177,9.640246964481054,9.725086440641387,10.494137578054334,11.363344659116267,10.04312125514492,9.653414283039245,9.638953094659064,10.946265015365281,11.05180209560868,11.048193220719721,10.19267357818127,11.886803979611116,9.942882338414252,8.782597872864697,10.945391819650895,9.495055969480882,10.431038035726402,10.088541440454598,10.952792668030536,9.351076762243784,11.22074472596286,9.591750357559047,11.77524162174383,9.238309604376546,9.67410505445407,9.512110464851864,10.65333988517421,10.341332685598186,10.79005109148104,9.626374919098726,12.237168135784621,10.364129919260288,8.586008566976336,9.753108694698975,9.43573672553544,10.273485514955949,10.39562652923694,9.723433925434732,8.873135727293894,11.071146505042517,10.075015300030277,8.70115779388461,9.596907224871083,9.660848478051133,10.834562477028836,9.162923721707868,10.384970981762267,8.080641324336765,10.635657056307572,10.976402484314846,9.658556749234403,10.010037216697853,10.104654695611178,9.199603995901569,9.134828912117335,10.717956656704642,11.065237479886662,10.018407213967048,10.675356964114972,10.85229536924773,10.008154040795748,9.737446432316268,8.459508634055966,9.32468687714669,9.566014446598572,10.648667702196315
A6,12.010442919915464,10.656101161362683,8.78334233071227,8.323817379218678,8.963213177386407,8.915919886080788,9.39750979270336,9.90322466326976,10.077578967259813,9.287623483336906,11.134592619391075,10.421676594189886,10.534332065020898,11.273017066374678,12.028877016740058,9.556243523008334,9.902471344436883,9.450187095531506,10.150772929055366,8.916088514581565,10.463680643608493,9.448260985560676,11.594874869355301,11.749020169879998,9.486908668576708,9.546367451358673,9.577814789478946,10.251132138234055,8.736759413878131,10.324450821848707,10.072957976829747,11.390820458402297,10.556447716378894,9.313020422332269,10.500359481611266,10.42732904613591,9.409509009149327,9.824312177430226,10.49694039711748,9.29928982947231,10.155022883411675,10.20737048155306,9.080732889769914,11.842762750773947,11.04933333429723,10.870443253855342,8.60342382497506,8.83762514403408,9.535640701395057,10.836509655194662,9.63672148923134,8.638868842412034,9.660837348888265,11.031875688249013,7.937433695255635,9.914640063208324,9.799603535287718,9.191719489737265,9.012535878833992,7.593050995705843,10.125930185281895,9.702309206130403,9.05394887834394,11.44597509801461,9.868025418994396,9.792111012795797,8.984901967128943,10.989790705079429,8.681345320687548,10.757603893766138,11.842230737135665,9.02851424433187,10.582815518751485,10.72776504735314,7.970913138049995,8.524871524759133,8.243022414339393,11.4862662672724,8.765361273833621,9.639309301325364,9.08845575760624,9.479041404667695,10.221306484882367,8.67056000510683,13.226574318095793,10.121122293630085,11.131462853667967,10.250552547050887,10.611714565470745,9.063683024118628,9.337704022744884,9.883537594019081,9.504036399687172,9.426857677777782,9.545388018047637,9.839518921064371,10.249944847163711,10.52908540735945,10.24420825216603,9.887742179789162
A7,9.798197003400546,9.948089388799708,12.255429648616584,7.776343061013866,10.24726407248656,9.55514714442616,9.41096903390373,8.042589666956037,10.888590115877186,9.48357234490514,9.527171796278159,8.673446431454341,12.217367692197557,9.12280723976571,11.104693142184496,10.214586480992946,10.497538519670009,10.63279128777221,10.003303489233678,10.358689743678916,10.757891653778241,8.73648901350316,9.963566661228118,11.60560764023164,11.599575680746002,10.625673551292275,10.489576290380686,9.74019495925417,9.029903565299207,10.545558989003615,9.506136714288097,11.021758975326962,9.475725493533151,8.18579214263676,10.951256591830644,9.192200341463028,11.088946931188936,10.018048542534164,11.133513265745464,9.23230005389343,11.638685278447184,11.202570427181458,10.141072840629068,8.420833076341946,11.330489109357018,10.509823270122022,9.482556984869536,10.461366256498591,9.522405435363591,10.839012224413395,9.566694210231399,10.062199834651032,10.390113502315357,10.511277949841787,9.920337732792412,10.462428663556903,9.761326893014669,10.197466436254668,7.890909393263631,10.47406811270368,10.500336749524518,10.83077636929424,11.663945561772689,8.630608765266743,8.875911823384678,11.058834939033803,10.190603289122025,9.253063224218412,9.270891179763533,10.80926646651022,10.362350103145262,10.356054171821174,9.311553207383795,9.712166910599727,9.220728681017597,10.989330002948723,10.696702919918152,9.825991544890005,9.638738307369968,8.774456917618508,10.869253115616942,10.523965588233242,10.856481633763597,10.05958718242463,8.921418238853136,8.909413065789213,10.545403910809258,8.895575003799506,11.94381382272687,10.186401019357493,12.184296453076017,10.74415633616403,10.869885726942394,10.685537575844675,9.438904585565389,10.259753347337032,9.493903892969328,8.192916613527352,9.286762135033939,10.66776602126883
A8,10.998443760652124,9.151611634364304,11.580638014320058,11.09288678928734,10.938203895122614,10.24810754752059,9.894003716737624,9.634031033041417,8.971647788135447,9.076261562122982,9.377296987267616,9.966414098433383,11.919342403573573,9.62160163218936,8.562290297718796,9.870890103079567,9.977215823937293,9.88798588694481,11.070904663554282,10.76550023133282,10.921917476907392,9.173986020516223,9.129135388408203,10.079527039627695,10.173246752020228,11.948189655730243,11.661286692121237,11.615676761324403,10.154841041482934,11.408996701035237,9.631168518532244,10.71422151025106,11.57912352652623,10.36241460180592,11.257553951601736,11.175817130479954,9.91064595509024,9.972239850995093,9.639576394273695,10.217546934866693,10.280018763938596,9.15881916222976,11.4478881825377,11.767110120737533,8.636256405952656,11.455449969643643,11.945841946148432,10.169403534514782,9.695381556871427,9.873422108565945,9.492671917414276,9.820013558919214,10.00454859492377,8.592092261892091,9.520427375466653,10.220302621504585,9.620041502708473,10.64748766404478,10.442352383980587,8.804219407109322,9.89234509004734,10.332061680537958,9.080789044267814,10.446094545229727,9.932199872047065,8.475215950326886,10.167887482863147,10.370257221852125,8.87113007612631,9.943796505033086,10.124051083732606,9.774896848232562,9.858470055974838,10.990633803912568,10.142488811130848,11.086415521459394,9.80233250816233,9.807866002248918,11.086659283617992,9.562629552588739,10.889936686047195,10.091089616882856,8.93143494573557,8.462479932298388,11.05133800383767,9.011517453131658,7.51796126423702,9.556157534432543,11.434260272382842,10.072092540265416,9.93688529287644,11.186089404920812,9.804366331647362,9.075743450498114,9.692541443539291,10.183997829921204,9.158287520731232,10.154709004639825,10.116257739848892,9.624980984113138
A9,10.874456970138526,10.062850385400552,10.45654257288795,11.392454600801821,9.374412243278567,11.605820500505537,10.42700165386733,11.731026100469965,10.430387819841775,11.197945564402836,10.312523657195635,9.139551599942367,10.49458259347964,9.966160276734053,9.501396052975124,11.838073928125372,10.171027095448405,8.158962915492147,9.210256121955526,9.258339301964458,9.926726039846198,8.256944009464359,9.67242929832255,9.795949068059759,11.778249902849332,11.162737161708069,11.128292107058838,9.695129623324803,9.605787352598748,8.918355123610478,10.353574109802599,9.572400107937309,9.405183102913673,10.945098418275675,10.379510766654693,10.814057817156481,8.385705432395604,11.143200713208083,7.842432615074411,8.123329897096438,12.096305149825355,9.59857869083986,10.038265881605163,8.761910879266818,9.706105376404373,9.283357016209859,11.111451623481637,9.5623019077579,10.866116276447832,9.507868030065211,10.616515917786371,9.266497730252441,10.416176964924716,9.579458644724166,9.581314491732316,8.88580643852597,10.013325287411403,9.681405876863511,11.040809709519575,11.579358243692058,9.898654326400665,7.891715672735867,10.62806404811869,10.420662513294868,9.184972866549966,8.40483812929448,10.622494510906211,10.55111615899974,9.600408490551915,10.818268311405582,10.21292413885948,11.223613154092599,7.704669160277209,10.779769811330025,9.488215503367371,11.398254860345544,10.556794948700317,9.627885620031023,9.843513260169944,10.169643743926581,11.504763051747725,11.798225720197793,10.039781632885365,10.678906419022034,10.1422699808402,9.772536025324218,10.10839412227926,11.179764229556826,11.244422171600293,10.234392232919673,9.002279496559078,10.301405539613592,11.06180826851303,10.93780841462204,9.883173806392959,9.943532877366945,9.301755857788544,10.811493369644348,9.354158609619498,9.778988575119694
A10,8.873891020150026,10.447508340094208,11.031817073203658,9.148230390054227,8.730133475806262,9.608492663006315,10.105571577784968,10.930435103525735,9.604824933228265,9.486831129300818,10.45611507611088,9.340238899905051,9.35097485674586,9.132927546917546,9.810806341575418,10.356608910949456,8.808267251992481,9.484765176997593,11.243068756617557,9.857395952802765,8.325598530117277,10.1551933112739,10.607792875458374,8.769439111176657,10.358293690048761,9.518318775679395,10.474492992364652,9.028697552955503,11.606100660073748,10.584839243202747,10.634881643436565,10.067163298132007,10.541927174726597,9.03567721051639,9.10699866785312,9.408675386572181,8.887613577591196,7.949316302462169,9.530235307935808,9.993538012213634,11.531886192024837,9.058422672918839,8.670987759269853,9.101793435088123,11.75273282576528,9.641024581124414,9.685001419715093,10.915179274597454,10.789041094433617,7.423102769615822,10.952597543124007,9.893436193013509,8.887141617410952,8.90325344488579,11.35103798038316,9.231439052735167,7.680754087499464,10.11238333160097,10.048659046986515,9.23652392595358,8.747586685864158,10.295943637096116,11.138208475197754,11.526677520848567,10.50336706708399,10.611784432062922,9.373981459238053,10.741888785528621,9.144116505581225,9.550546718700595,10.68272300762657,9.944280859228643,10.883111448564723,10.227684502624932,9.355656550704632,9.79138456597261,10.56536132698883,10.368089124560237,8.76536142557051,10.812331602522734,11.42587056610247,10.435927662554848,8.859982131232881,11.411654196625816,9.706662457500618,9.769486491664777,9.592843877719355,10.177348021911195,9.618653271423353,9.881139092485439,10.055517576612404,9.817938021780721,10.116431180814056,8.560235671331398,9.9770492811465,8.97081311688692,8.653844504535567,10.108633701896636,9.332099342456559,7.794889437408901
A11,10.209845341253368,10.851759176689225,11.068326977798776,9.876332082376265,9.654313962773726,10.104254597376649,10.972408309346477,7.221017709013303,12.719262918948449,10.599515500964406,9.337682708875873,9.40861055097329,9.812614477315838,9.519042437433335,9.331616263565103,9.892026839021025,9.077366000491704,9.541508456227186,9.906356358767805,11.460832315265975,11.167322342655964,9.92226522327458,11.371686049642014,9.661612849988359,9.036670150694023,9.950058666343716,9.43865513941908,11.39070068392607,11.755356033803364,9.476810932545117,10.437702358311359,10.317226174738508,11.37369790410255,10.225343263838113,11.113609443353191,10.595635976529401,10.087373082834121,10.974813688212869,9.594914505653355,9.128120592008175,8.488799348242217,10.469291102928853,10.3333340791058,10.342706203206065,12.571927115449185,9.326372378993899,9.248263127472097,10.386142710003474,9.887385943759405,9.502740645951558,11.200252044076707,11.50279792592549,9.995727942994549,10.854448632625349,9.086816120536277,10.880610029541401,8.91618056263882,10.862900192178962,9.797526512664817,10.781831960202195,10.443168472130823,9.189561433803624,8.851162506037584,11.16919894791877,9.511899817108263,10.306205963836591,11.827735045437363,9.71631123441127,9.600191868463963,7.681452527627435,8.63819952675963,8.998719393361593,9.59691979120813,13.535940271179182,9.4411512977959,10.591137458752497,9.83939988803626,9.100267016317476,10.449459452075995,10.937992227393536,11.000163750270247,9.458807223449972,10.04600326508833,10.454261451854382,10.332988693526955,9.90900055622811,11.094238920531007,9.326484637312173,10.920775385329183,9.163393650119957,10.37688064826453,10.749173468081892,9.623194231294287,11.164925852810264,11.566342751636489,8.091743721755224,10.45678815818842,10.57133396545003,10.319227777018659,9.349038924695483
A12,11.639895059480217,11.187914342572084,10.452129155478271,10.102890353788355,9.910677586971037,10.838123446444207,9.129513986449396,11.429166253005624,8.217588430766808,11.185525174821569,8.608907061652243,10.518528419594706,8.642752289590714,8.262182030905105,9.712555615622843,10.447587074171965,10.107399174196752,10.121229497189775,12.163140189279826,8.884106198684641,10.698177478974083,10.200442294635039,9.608468350233997,10.337874000069547,11.81968761082125,9.933570857097758,8.493040919264207,10.21498615740881,11.444611634089375,10.49883829236688,7.805215936703608,10.344242069381183,8.874350051618073,9.472202849228019,10.093870204851411,10.150304679188302,8.709120607284202,11.569734561249632,10.664391112721493,11.000168745547791,8.4159245343625,9.19099291088625,11.179118974487038,9.633149815528038,9.083947011938053,11.585815912819438,10.598190836994144,10.152998091774029,10.385765494266074,9.301485704347408,10.143211732717836,11.00017379121716,10.794449444285615,10.406631096242917,9.531389114550235,9.124453401301949,11.251176297346571,9.634327337607932,9.98136354182611,9.173467444916033,8.434503947833504,10.5406986208675,10.127155245323888,9.835671684836914,9.23638860927483,11.342281685941927,10.378957176890278,9.456240228159261,9.36455709987865,10.230097672187183,10.269745062565,10.727753925786098,10.625114381789238,9.50549925448259,10.219726042106682,10.809228395113543,9.048011600078048,9.755184140536754,8.29220096141582,11.494944363403738,10.194617386379498,10.271756659854907,11.443514202436907,10.202195189787163,9.754548237372402,9.765635226844445,9.815797722203486,9.32048450910445,10.8260178790137,10.297990029009167,9.107101591054516,9.71171501121282,9.826652743800613,10.162321372447332,9.686322090153173,10.239549300157915,10.954648487238867,10.727605798609632,9.551286137672992,10.050424557880728
A13,9.655103193534492,8.120752774880618,10.188751695163257,9.652480972164533,9.406131893781765,11.633109741860993,8.041707088471194,10.353882378195278,9.794472730075576,10.47035998045742,8.880175581608173,9.998293377176186,9.63657260424833,9.92678067089674,9.523463611370774,8.991833063696415,8.539978664714104,10.432571273716125,10.92850768992998,10.974432264964546,10.33730142199988,9.706946836160986,8.737643089510073,12.078672370126325,10.787638012179576,10.889366307757653,10.369301760923985,9.932655550133802,10.127211307747338,10.145091416467215,9.66337033862504,10.372357042266424,9.988482858766174,8.726167313505888,12.276127793405829,10.223359872039504,8.152715746975872,9.45219579840298,8.115629683366302,10.050850359205857,10.253917453385752,10.603485142954383,10.120886227795852,7.925470479278715,10.55593797256918,9.371860927526678,10.690157360336888,10.366251472349147,9.04079312968175,9.180685354938928,11.68327017696156,9.126710422922187,10.715892364054758,10.003907434735604,9.137883467675438,9.831267149781617,10.059843608976683,10.098143501479562,10.16658103550438,11.132853729983875,9.262017526856216,10.710111861879033,10.269866828019945,9.933554959141347,11.072618539122667,11.146690821621897,7.834863306380308,10.412655161219792,10.281900393096887,11.008673644724151,8.119897792368665,9.869523424089072,9.761722172253759,9.391142146109313,11.620958903209315,9.66589492406893,10.878455483863098,10.767889789246848,8.72638222822119,8.823886422495804,8.420719732680228,10.35608236108964,8.971037745616202,10.68554046876062,8.638518660349712,11.023083280275575,10.525748570092643,10.900685549171643,10.52734881388185,10.195771408832798,9.64564855601735,9.072187589045397,9.801471538557916,10.864486757086787,8.916365625849156,11.512641080253061,9.622691226153126,8.880721950869955,9.130200442785899,8.799753490518285
A14,10.107776443173757,11.166130097809734,11.107050817123785,10.523911535751251,9.44283644541069,9.455540299809353,11.055068067425623,10.385235224257459,10.054854024224994,11.745566956943396,9.784972903745027,8.352159887188032,10.578720303183303,8.86537464650684,10.439095867175078,11.81816555298468,8.215406752727173,8.575018868267401,12.154677036735057,10.403446773540388,9.85923928428859,10.993368756187316,10.883196683942053,9.524508498892779,9.345734452922843,9.37725539334064,9.779014357907158,9.7695726004319,9.165813831046357,10.446374676078843,9.76925493020429,9.535362520214342,9.697009201776126,10.44426280932195,8.062389764258484,9.769767479104239,9.760638575303764,9.691358772484799,10.950574946562114,11.575487964753396,9.842567593902066,10.221875314530418,9.974082904380731,9.886618335343142,10.219370788772837,9.222360730841636,10.974596656831412,8.465606682351282,8.741319945572062,9.690513336464809,9.839573494355811,8.894218552513088,10.958644290767147,9.922976932682085,10.861927820060748,10.048917086015901,10.57117103099452,10.238942899749437,9.256352324488061,9.016927460853537,9.430023982565737,9.48441215788371,9.811633972878775,10.485821669816216,11.249275800874194,10.04048616163127,11.346425256943458,10.638270324067191,10.84772844604788,10.310847082994359,9.052512905383303,10.06727116735235,10.243750296037016,11.383657082393247,11.305860243232905,9.881662838520594,10.28059265753268,9.945877905146151,10.357673324178778,9.459481508405965,11.363315262680448,8.766950333679087,9.663008937256562,11.299854116583722,9.16762858649684,8.711083379668452,10.409805887045255,11.039573328299094,8.935437512101885,12.094496216651084,10.70352794003294,9.292905945867838,10.914087782433324,11.21239297484637,10.395221034209328,9.685693594580412,8.274102866540536,9.531541655619222,11.648829091268817,9.383019197095784
A15,10.41676658616031,9.075832259755712,10.314313486985732,9.999618277469924,10.52537602184255,9.780612790280475,10.462164726996104,11.322742610118988,9.35732625283358,9.947189852817619,9.925899959111922,9.753124162615395,9.478232466772898,9.66700194108037,9.948073721485828,9.974651669369106,9.745360253202705,9.760671687638423,9.535987297751728,10.741468381923253,10.25433437337637,9.912695005432003,9.734618162269218,9.732667536672407,8.704968585218992,9.089632456143073,10.455374984524793,10.45406912643573,9.834404672694795,10.276823849604053,10.299516193507735,9.908093761782121,9.16216155173273,9.378230822969146,9.922295895940366,9.4934315466876,9.682060999078026,6.855194020588119,9.66065289547695,10.313605973701414,10.649481345719812,10.309862683047339,10.59423482656067,11.803854103795906,10.665298398962127,10.702729005202038,9.330176047777645,10.49620267686418,10.448544705378183,10.434679402465983,11.54185403720808,8.647025077866193,8.01089835195303,9.909363318888692,9.706056575663741,8.49886645893857,9.756374257358734,8.515107660682615,10.975684886700078,11.420954711534291,8.869488130386994,10.788209979103728,9.078148238609806,9.62441631577583,10.229096545033713,9.33289552135562,9.031231882459801,10.280934649916297,10.000940659559182,8.320415672340452,9.924764903934765,9.468311898057223,11.142916907663441,8.050186786821627,10.463258191599898,9.84099326572016,10.098112436712746,11.267512309398903,10.029294574405794,10.232677801279422,9.002339149689073,9.407760513098816,10.345588060740171,9.835530309095203,10.020302157856632,8.330605656246746,9.431247819876583,8.835963928261402,9.816238077497376,10.688949616382937,10.21597117723909,10.859951093639447,9.52781034029949,8.747914711069292,10.112430602705585,8.373277904458087,9.684746410701468,9.051506391524399,10.861079720439866,9.824147946769365
A16,11.530279532281545,9.379813655859467,9.644421058302001,9.477804517923055,10.444681289887026,8.796552807555218,9.67776078770385,9.734572826945493,10.497963689424102,7.743210571583659,9.685095305173022,10.377776652423924,11.10492138498642,10.06916241259029,12.676539416171353,10.147022827495158,9.611605012144924,10.19409140729406,9.25044412926996,8.237694735807947,10.672521299715546,9.593988436705265,9.954881286918729,10.970960556029661,10.743599579141693,8.739902907477267,10.436261078601586,10.319878565259376,9.417295842319646,10.313445121410906,9.79121235949639,11.056858408897893,9.94913830496358,9.882968172638305,9.181172610573467,8.762514006158035,11.383405054900107,9.082275970356672,8.724480937494812,9.559152338988023,11.04821245337922,11.338491453828482,10.619775424279764,10.61032904947178,9.582784953092435,9.412377937281816,10.880090591291552,8.539876030056291,9.765004514252448,11.715634810376478,10.33386369343532,8.526649936840968,10.038583621354972,10.153938343076964,8.83333119106407,9.261540453997444,9.58730410605737,11.246798015542087,8.177064962284303,8.843213306768291,10.245635622977783,11.038511424647693,10.825815290721724,10.07324506511894,10.350178942932564,7.080374497160795,10.563914896502677,9.042816345376876,8.8025008790525,7.764933719856242,9.712176911187196,8.659600608503958,9.750541634783595,10.116727577239212,9.29934907460492,9.927628529954811,9.633753803479177,8.911893765095744,11.046081661815535,10.74011929669941,8.13387130511332,8.565842550491483,10.600710415781572,9.626775128658581,9.724403121219963,8.960903641628809,9.432990319398938,10.876451089283801,10.79895392901538,8.966558267378474,9.944511710404049,10.400647985331558,8.972910663346694,10.60982786344574,9.978073553021643,11.933621319350818,11.048837116690434,8.7088873239873,10.657650526482508,10.843186469384632
A17,8.88010599735585,10.404821220007848,8.709622226735677,10.21843812764581,9.315083664572567,8.609779585799915,10.22648253768272,10.015252171054925,10.391930350984271,11.6549437662774,10.153457704878859,12.438699561028987,10.010324416675154,9.412260837830368,9.64829956782146,9.795133605293115,11.412167449634058,10.137293041830688,9.537563496417983,10.174136615183187,10.343973380738527,7.554352483156434,10.18718683080975,9.294058699412139,10.605336140386894,9.265698512710404,9.589406420668256,10.40478959097696,9.423227379518515,11.55918106981773,9.51471020823983,9.710390006720372,8.136385505481961,10.641874320580158,10.387677704898755,9.167589369054685,10.833912562700933,10.02741745756243,11.260969605538579,8.943229483636106,10.507578400528013,10.667783006823374,10.931843107511794,9.330800172545764,9.823862008881944,11.25051151305573,8.45188470914263,10.43576384644492,9.980561930735545,10.576000792604209,10.73591350075324,8.96877407080508,10.369026436522093,9.52578806664256,11.55626302866214,9.952662752267868,9.250732406254118,8.625927339085923,9.55008411501756,9.025763312949923,10.312344405270903,10.045210887740243,10.631888827508908,11.29365731799892,10.179741295958255,10.279156362569715,10.325392497836035,9.728734350689885,10.662972165029569,9.365996499536738,11.237914598044703,8.973362165816571,11.30821116813074,11.053120002159641,8.515910394778421,9.747679703707892,11.766133044793579,9.510997456015602,11.180870453708872,8.900560483285034,10.101577586385666,8.572642587304463,9.87018279707511,8.85845732946162,9.251807467489053,10.24631484878582,10.746765233757323,9.552411250165632,8.265320053618655,9.562916519554895,11.487214911134632,10.69769095646969,9.53846796164543,11.11008632436,12.906961007529965,10.328895994793331,9.541959877420464,9.901333565911436,11.088684529085295,9.798906649809481
A18,8.415308328736746,9.73833302755871,9.993519879830101,9.512039363344638,9.403422644864166,11.431636061276148,11.933618428921914,10.1836218879407,11.070444624785633,10.029613314972456,8.476998884235044,9.295274720401178,9.224398436234509,9.79553019233161,11.131467080194446,10.687491390620497,7.512126312868174,8.387376887793016,10.035583047113404,11.170281474597987,10.29472310365515,10.629448720945568,8.903342335476726,10.629144399202357,9.94608101245835,9.792489099417706,10.69677225488525,11.578760359086719,10.639508803520116,11.11081264968813,9.03956301559554,9.951471851932238,10.208179327771997,10.949796042879225,9.022740287510597,10.239319130789049,9.503419572288083,8.625071218091767,11.546417892960815,9.883958473007691,10.6285387500056,10.26720354586972,10.845696280214629,12.94788275619123,10.62054376881278,8.870514950905395,9.36006152955025,10.791466170051192,11.14582875256891,9.713932997213542,12.040839757706527,10.504390170357565,9.978242945994749,10.995985104961852,9.385247802161185,9.52024923970489,9.440133974126214,8.71267002575022,9.299867769013693,9.970829015916841,9.693829153057207,10.559076070765292,10.461508148803407,9.591958196106471,8.177581014336202,9.284153810928421,9.276410046621816,9.44427783742451,9.632558999559723,10.279472782161893,10.29108258751186,10.18670435618509,9.108209662077352,9.992884338249038,8.750390029132967,8.628368939341172,10.682378267479905,8.788154642460633,8.201137432694917,9.656757623511636,12.222917507822377,10.650974532636546,9.827993227140011,10.24525203341364,8.965356248005127,11.673965768843477,10.417171287607562,10.306835157482128,9.557332440938664,10.853647583038043,11.151495754690849,9.358102004906769,10.522342506827249,10.536335615484036,11.138670183297824,10.123453927801545,9.980554461993641,10.458197973423097,9.179625260934893,9.972896936707523
A19,10.259829918185776,7.648480656657517,11.084920062545727,7.644081912537693,10.060050086756883,10.257734331012356,10.928585509043353,7.51140348285546,11.142994301762133,11.66622195318526,9.617688919418084,10.40063368041787,10.150612741628281,7.898080219123084,10.582441941468208,9.545793056808211,9.933627701654782,10.591918286729095,9.816935642196777,10.163850720839163,10.891523279055908,9.93790796235197,9.83247420574071,10.791760527728307,9.256110467825746,9.576655149353941,9.454197491618263,10.695679582898219,10.085347771000897,10.031753017864146,10.040412651084738,8.611425280411845,9.461483291081251,10.270308150553,9.736183655796578,9.811614450613018,10.591255151401503,10.561022838074582,9.797246728883449,9.807558040030564,9.859462239645644,10.803842475027798,10.219672396629589,10.212744476938989,11.057456294615877,8.88073947626338,9.469584397782832,10.912581556788993,9.294608598429821,11.190917120136637,11.44101271732671,8.802688399931323,10.86240052096706,8.937858757489867,10.227050060829455,11.409886105753044,10.070867482193664,10.338302767087738,8.082825104030157,9.576369719049097,8.35145417248384,10.908007858182632,10.439539774140336,11.04703924398324,8.983520824371604,8.876782615235554,8.795538779651876,10.173250382920262,8.845157627558875,11.313269642585446,10.242969169236613,11.250791486076247,11.887050395337676,9.8908778381047,10.63475934113121,10.175648124417414,8.742569697046168,9.391969805627973,9.081952764447912,10.362873948440516,10.131677307489845,9.99336747877727,8.993440007807433,8.933019555038186,8.859999466497534,12.360933363949387,9.658918107892621,10.96292660326546,9.18484400521456,10.655447240110576,9.812453215191185,10.634738605479072,12.464734271757203,12.038986431995133,9.178477683658144,9.911343877674991,9.27529938941968,10.58951204359848,10.304405092239293,8.818181925036015
A20,9.506131797623361,8.427912243106674,10.296797776672479,9.379228902578925,9.08033007593414,11.014128326655987,7.690802683563538,10.353387942126623,10.322497569552194,10.23699761032369,9.457267043355419,9.370830841512443,9.435189255920774,10.80386936416237,8.52193225965234,9.874166522148027,8.75937386484712,9.881146882451532,11.90223103477731,8.885704517909309,9.54372010587232,8.18040774599331,12.46845813786698,7.3424470507799136,10.937975387343535,9.482724903954795,9.499562912252173,10.918549197459269,11.035251606762635,9.949331073974262,9.72783843146041,9.008664321234189,10.901174687935434,9.635833996706479,10.164874249051074,9.722023363824382,9.614741769850648,8.96169859429257,10.845154911419383,10.936920342517194,10.39005488198824,9.60970716566963,11.180508754436294,9.00623598564384,9.8521689307805,9.411161322733356,9.579106510741765,10.670128512043947,9.67395420812627,9.115087726239716,11.255477632818309,8.690015608144941,8.68886810248685,10.515481047007793,8.816364456064818,11.047227348716781,9.234890698071334,9.441763060388803,9.438700474056711,9.249356448379057,8.980173432435384,10.63750067844856,10.666091768788599,11.096309491150778,9.516314301167899,11.050337191142333,10.976994631525143,10.722492792566943,9.533744732049742,10.217551490286771,10.491143223261739,9.753658323005855,7.268517068809301,10.442472780305787,11.689932731129002,8.541985408691678,9.624666311264916,10.254845380359702,10.446938407982373,12.311280610563323,9.269593173624884,8.707360475340478,9.548521233933954,9.326646854518994,9.559350432362484,8.66661411054151,9.7183028280809,10.29073285492798,10.298880463308366,10.1301730994275,9.330462217257754,10.775150857992651,10.405351013311979,11.036686538672402,11.39471040296288,9.232352177478017,11.356417474454968,10.514961761030698,8.948664144819313,10.718755337703199
B1,9.86236487307751,9.74280918259445,10.947017145151822,9.477507938335059,10.982261878341532,10.565348649530161,11.312043626656967,8.467028683096284,9.008773894849963,12.287170072058839,10.958345760509847,9.813261294462253,8.535059820544816,9.97993140454658,10.317710481053716,11.270804071817082,10.93117972306092,10.383949817589496,8.1621439707588,9.463177433421874,10.277682737360015,10.982609550568935,9.025733288805913,10.580197858968667,11.216614715929841,11.069080321170398,10.412976703222366,9.140150557448095,10.387866902753188,10.573469957622216,10.728277833524986,11.64405779365302,9.57271218649308,8.873442364967925,9.487325989567623,9.55156248113093,10.864968618707163,11.372001725628264,11.180874473165087,9.996603021130786,10.334701215763353,10.035286773561024,8.706456648138904,10.569538821478368,10.568262529809076,11.206676117139962,9.178186910364275,9.601899194421998,10.855287611099069,9.698679696273233,9.423797266778422,9.530485040752401,9.56848544611389,10.23437588603649,9.675083913211537,10.991192785362168,9.414411277487709,9.869407141910102,9.87864640182783,10.64531671388468,10.852776127979919,11.562395332271523,9.08789817724347,7.344220921845388,10.786037260153154,10.616408721802424,12.061849918592632,8.814628423115076,10.338618681776225,9.419642412643126,10.432685873194139,9.17651179771894,9.348231016096369,10.135922906897093,9.737196136131292,7.687324816339821,9.65086933484996,10.55734669330718,9.953042308312076,9.499723302330759,10.132324890643043,9.888166527980042,9.571362660427718,10.590253742063522,9.086160741665843,8.899031319352963,9.541002284160399,9.705591530923858,10.085341901725986,10.615032034152602,10.097303155372186,11.028717908654595,11.19621804729485,11.911553334884394,10.232263484483893,9.933482633254147,11.16132918268593,10.13076510039339,11.545091245836417,12.48899166709899
B2,9.255416037122822,10.842956819599829,11.198150712834439,10.050280574766933,11.02564459352936,10.292069195864231,10.122604212121276,10.23385606410943,9.122265473364985,8.102242011086926,10.347282351327518,8.741786062314361,8.985855196087696,10.689720690236886,11.04287707438803,10.87524823930102,10.498787039616145,10.321221969635692,9.364364093582058,9.147824943575593,9.305430652310456,9.724481950330974,11.869827182723323,9.411502610161719,10.851557963983547,9.370778214908233,8.658309636218288,8.741559857194312,9.723979797577913,10.599408502645463,10.615319863393598,8.930004506977712,10.280266618350067,10.832513153268415,11.691760507359769,11.257398587784742,9.706380453765602,10.75183331521618,10.889979156444713,11.294046666245677,10.049665788155249,11.197920980143559,10.389633246942426,9.40037769948705,10.411028098512435,9.798630156139378,8.291437663588834,9.13225051748048,10.94405944256469,10.291168137704547,9.720086575366512,9.434993043187234,9.97076128259474,10.311943343511318,10.441662206837082,12.10615157644401,9.596864112806404,10.25183723879708,9.745933146337439,9.358897124924649,10.036828041865382,9.181787853838369,11.025582596791804,11.633192009615032,11.146726994474012,10.634831884006058,11.231680154522763,10.141203129289455,8.327232319874739,12.109357209397148,8.688079455697206,10.454693520857216,10.526664743417763,10.647518412876588,11.067514562608803,9.12487558387986,9.02216926318663,9.676129654792165,10.12859599512773,8.41655335778521,8.802719731744876,8.888356994303736,10.514947678042619,10.671591313106536,11.451731924728533,10.388426652901249,10.073046605624715,9.378414623308123,9.733399725623746,11.275222959747632,10.32379109959389,10.346422059694289,10.314393958010987,11.063862342415797,9.985198297147582,11.527461766045056,11.81138768379463,9.701559768361033,10.341902942109579,11.848413270770576
B3,10.190077439715834,9.751554777556075,11.88703758154028,9.081800510367563,10.624014146297105,11.116661522678253,8.505325558793889,9.953872977876902,10.473577622073195,9.928077250993582,9.041041188669489,10.608596811171324,10.52100404926319,8.206081407564273,8.705797522305787,7.71977099637625,10.301510722197346,10.295131794064421,12.002749443756736,10.866032751518562,9.849198943776516,10.323679321482748,8.590164236366936,10.595677450645052,10.933098192537596,9.187270854589649,11.690017833711916,9.800853878573081,12.291839350466505,11.43058852167567,9.551536212331051,9.752585201859883,9.772504614758654,10.316916712688773,10.038298641850927,9.264036052819986,9.462399455579856,8.490384546085435,9.552001778083078,9.325012142821537,10.727520499101335,8.347802250870322,11.159527845518392,12.01176163480229,11.67000243613908,9.11552569186635,10.0938326333381,9.670372993771505,10.485902431757657,9.603100147078555,11.451731593130784,8.22475605946421,10.16929328818794,10.796588256135582,10.054005245884545,11.684417605920139,11.407071944405027,8.98526685034512,10.798758413761723,11.149442116760957,9.2043589136017,9.87046595364258,10.903900860628541,10.718288745359892,9.891128525126227,10.648397402827161,10.959534607363274,10.855070330319565,10.274399001781354,10.865638249905526,9.60041051198456,10.159775892871421,10.552735030238859,10.20220819779579,10.369317916384503,10.483362027383414,8.265978670337995,9.942917740774682,10.486590696436142,9.923736580166644,10.897224467362294,9.393591843148482,10.346610963910354,7.021108794066333,8.96330710816169,9.041176368059656,10.252139258089208,9.84975870871224,10.343778493054215,9.442635526762047,10.900708598978303,7.017200264954161,7.176897050729741,9.779293886381085,10.55145945802393,12.15764598836917,9.992297242640939,12.134656180548095,10.581003826040593,11.306353010113895
B4,9.473132572456185,9.304997476786141,10.771857868957367,7.360612116669541,12.704080985860067,9.918597787374173,10.856803486778798,9.755204999426969,10.671308327015764,9.012424735081531,11.158290133454837,10.200723050052144,9.274966315687324,9.132367617914351,10.838869507483013,10.154609648902072,9.174577409329064,10.18746203186703,9.622638635773825,10.11146040989561,9.673029199099325,9.686990288616164,9.523824144138388,10.836519836749108,9.772551851835695,10.093012988945684,9.556632802604948,10.497905226812657,10.074988878785657,8.978667729250487,10.665160400717555,9.612099335062556,8.507843923022403,9.230041433926543,10.006850547651899,9.34029821526808,10.833343639758347,11.004471722639003,9.564152017197289,9.347678129729053,11.722196892179754,8.652835166952848,10.104803280108703,10.698484973948686,11.073954680951237,10.756471221259222,12.371854272718563,9.65408629546325,9.700748466607378,9.90233351031118,10.502510107834567,8.874269350790815,10.895293848043776,10.264173105385305,9.959427911579668,10.159488759933566,9.715322932206577,9.237981306712568,8.352217762376275,10.976807847764976,9.759177612826365,9.356347215138163,9.58088993315117,9.64212174245848,10.21314302432246,10.357820946949765,10.454360076841054,8.780028549689955,11.32307701518949,11.465671517117126,10.47822817759639,7.807904117256389,9.883728378115652,10.235320006317163,9.503029928003121,10.110316172864248,10.398891493652588,9.054577519846882,9.630726630995875,8.840395667010288,9.132831464534663,9.026706213945877,9.50501347045857,6.895160256199652,11.052702666771957,9.179352971564992,10.432452113946006,8.667309120858407,11.81482165201948,10.498603473528993,10.925569193998385,9.788828173207783,9.834227033141685,10.437786958783873,10.364118095398222,12.954865427096967,10.969605606283412,12.049409275688578,11.878067741365284,11.73515324007753
B5,11.36820254078256,10.966511879342695,7.5787126002966545,11.281180980781407,8.834249413801416,11.077953460205842,9.146422979782146,10.499226372247817,9.910524900989971,10.8402112197125,9.765660202356392,9.20268211957055,10.195094201136072,9.525713576320564,10.72338417125232,9.107090321097619,9.82814463157125,9.99038099990347,9.8441567689448,12.06472210065069,11.648276565326103,8.534349716810054,10.223954622706982,9.591020623996224,7.486863157002169,10.387676026547675,9.794445515263805,9.188966816703934,9.148166635835532,10.84485136473864,8.051037100696744,9.914423698063306,8.584740674400702,10.945225479298328,9.648708369916472,10.500431792789215,9.36904554446622,9.882194088747088,7.524057457523936,8.176628436237767,8.36813343701515,10.09407057840779,10.042102357583428,12.404920030769325,9.55415445677115,12.029953332482116,9.423093791400353,9.673671647589456,10.683396455053526,10.871532472387079,9.676757955963605,9.416694373268346,8.189683669799889,9.649968830019954,8.459429361442044,9.273118835704992,10.404601136750212,11.73296622277818,10.415875501709756,9.788973012432596,8.676540764205992,10.090277645459564,11.009018434457444,11.283531243599798,8.030257262755773,12.688492512446071,9.92353578791811,10.06177469457111,9.863091523644965,11.238719826705273,9.061055884682839,9.309369021461213,10.194820940593578,8.299861629123704,9.411302246612108,12.399547734306143,11.084517769774482,9.609987434168053,8.34034024316112,10.592481813093462,9.852021709163093,10.959723032782549,9.805659167207947,9.371272989307135,12.911256656904643,9.301236234469284,11.071470172524217,10.284277264309509,9.445281293301706,9.582608758890528,12.293680764281468,9.53868102783971,11.926583394684947,12.811754970433803,8.245349497441856,10.716882924253092,11.060728976151255,12.970381780493542,13.155016438808335,11.109085959546249
B6,9.846335373327236,10.798972561129988,10.391138885686532,8.950173323700136,9.2049987246119,8.522051924411661,10.80667203664549,11.807786252220213,9.459831564989091,10.25325399664127,11.59682119373888,8.09690492121529,10.428880934049426,10.22655355764759,9.343898108304318,8.618351729246381,11.147774022824668,10.75499601364853,9.834817469544673,9.388942904974735,11.029224829678887,10.75731834427083,8.958625193454928,9.33200210484887,9.078037270484163,11.863442462950927,7.952418358426999,9.689292901964949,10.133950228036754,9.081490113636576,9.859997144280998,10.352883867136786,8.530953236399961,10.179076551873155,9.891125963312719,9.012335085512099,9.469010731716775,10.624522687377624,9.483996581096392,9.752784970296116,11.671406971734228,9.042850968537602,11.039315729742441,10.068041333389635,8.562416643425403,10.657037703611087,9.024771429018864,10.723709023471402,9.912556764945228,12.525498333363808,11.513276834755938,10.675886466713706,11.000553085829964,10.01107626230937,9.517105492514,8.991231560885943,10.215042541787414,10.03829964841869,10.33534950358681,11.572440452720294,10.594359505863508,9.550701203682511,9.634993625945276,10.866991202906657,11.216951612794693,7.366138902265961,9.506289304337962,10.014387972182448,10.0704670107121,8.827764478698183,8.953458591830174,8.81912013303098,11.148357885671393,9.90157765434546,9.292936952916055,11.078560079315256,8.27819898911515,10.500177565127464,10.77030556791051,10.113912865595028,10.297316615765771,10.92267963249145,9.689382668789046,10.034539226561948,10.526887286471501,10.112137497122974,10.18881148436066,10.37063222729395,11.283640577121064,10.43405050006688,7.994001041092755,11.079705127189243,11.828216923758767,11.210373139163115,11.971463881828251,10.716841188860114,10.783857530184367,11.534630975937256,10.782925893578238,9.35705599157792
B7,11.285329549446752,10.472130069507273,9.361340005870511,9.8439984656689,10.21370234285973,10.431973713886123,9.035351358355484,9.6923394100375,9.425692023725734,10.099328408753937,11.240032225994788,9.579461163082499,9.85073724510139,10.040590087306297,9.896998649910449,11.103688101644043,9.382390602854503,10.215761127860619,9.204855349551785,9.114386521209612,10.05073608665859,9.098650888853928,9.791756151112859,10.377598714716544,8.380700456494065,9.5200385149438,11.07189737161922,9.188814440173282,11.199980625504725,8.787184466147684,10.838864587749228,9.151624600983883,9.911733674736494,10.73739770443451,10.447473658220192,8.402997373650505,8.80488676724413,9.837570204453561,9.873656865369986,10.657764816000181,10.312926336315861,8.970045290134314,8.143095940667306,8.287061236374585,9.851852931450923,11.230349409562306,8.944008616035283,9.29539925023636,8.338104345289883,9.285762095378375,8.773041180295971,8.79762532226535,12.634146268626974,10.890268424747216,9.115940218986669,11.680913675854582,10.443222028563248,9.421666645354648,8.77902617537909,9.456237848731508,9.394593029922659,8.448658935605039,9.951479247827056,10.90186510834676,10.602804812419478,9.641180586680509,9.786618090101674,9.119540726964399,10.490020431197298,10.566217513059966,7.971941888982107,8.804862336316365,10.834239875908478,8.845746471237243,9.736073475922652,10.955183769433047,9.725600419285444,10.652000001076056,9.999064462707775,9.632880593146318,11.201631384980079,10.868374635871177,11.452683907148456,10.055424179154196,8.102687069849916,9.566975442565532,10.440627502874984,10.960371727628544,9.172503266544938,8.854205126722778,10.994931868345247,12.081522160914698,11.305574037428972,10.315879233384585,11.703971399647932,10.477267788283635,11.95123967480945,11.727289541894843,12.480908071811418,10.76215138372604
B8,10.2639856303507,8.504462063316057,10.280079748667516,11.73535388414128,11.069451486786491,10.420353391716606,10.768662613753852,9.992425862670773,8.43502650066015,9.943156966593937,9.770127694125307,10.230916385870033,11.013849378390773,8.76380645483748,9.249931694158903,10.047192332817867,9.06586282031249,8.595003829235282,10.172613298461144,11.39506780903849,10.490085414203545,9.383742933903026,11.21126346244663,10.271678907070235,9.956886284028991,9.830074596397246,9.113056769694786,9.635687122802707,9.897548785698493,10.515612126644642,11.295340490272725,9.71824303157333,8.697150100009187,9.928653817821056,12.05923736191192,10.616987376880687,8.877361850633822,9.635318316129432,9.580998971090645,9.794145125899519,8.260532353330236,11.170871759470309,11.146943029623142,9.937602294220133,9.293945885962412,9.73720815344897,8.962204044427162,10.554591145224647,10.202447335515313,11.480104022691979,11.098293549786339,11.24022630976661,8.204394587283321,10.731590189184438,10.084265519588001,9.283419507470166,9.868434719573377,9.964302449184359,10.059986551660637,11.118995093042551,11.459218169520902,9.505364810534568,10.34391639290042,10.920077815563227,9.996587190724927,10.359911869982001,10.04511009921734,9.542145241980162,10.865206095492244,9.118083734048394,9.699260512286088,9.670042385484702,11.218152057550416,10.27119404069418,10.031672923509673,9.10604887479867,9.812095813586135,9.096739477848034,9.559113059006071,11.2674088309744,9.801854745488518,10.039643540145185,7.572251433715024,11.68963444821782,9.039437487305726,10.330544667595957,10.707204042484687,11.371477121986896,9.680534984608377,10.71089845224252,11.265070594994272,9.448062994125538,11.92945965622328,11.158711232683432,11.338939749816403,13.41472948542575,9.837239977950777,11.175460931042917,12.32454799069061,11.47072187710465
B9,11.024379543837195,12.983198460312256,11.713899750266453,11.363238676123524,8.76267960772698,8.136531169381986,8.126510200469635,11.70838096285328,9.369225277930598,11.956698712323226,9.292271213428524,10.712197684100014,8.571756630291445,9.703835143239383,10.734350288994792,7.9218531959018605,8.43843044407767,9.212798762588543,8.229537566822104,9.76580252624053,8.518377890196964,11.028989806971401,10.39061643815207,10.808296026478597,10.24590200309545,9.568728215771007,8.915267448842473,10.006667363201588,9.42803288552117,8.526187901490902,9.505686982521667,10.182856894384582,11.25152033099236,10.071906193542942,9.985483918209718,10.329284583557124,10.586035104327511,8.947621998828138,8.856329024394906,12.40655939665836,10.063316673635512,10.963225525738116,9.87083751908585,9.75871612463089,11.206502989348987,8.723541266471393,8.303317165692627,9.310869354085149,8.042198646093135,9.966310072304386,10.435667206300488,8.338564719529195,9.95541248531106,10.955792483498703,10.253711649662204,9.015019873058133,10.793540754715378,11.014850273911222,10.002443881078284,9.670699577111547,8.992425794536691,10.536429975894281,9.300917285076165,11.1174730294655,10.113017272754844,9.575350267903278,6.838569987494287,10.569125736092953,9.46105665756878,12.123820661145725,9.070111070644046,9.737714512721642,8.412715259136355,8.558337733683699,9.867286118625252,8.583912241695671,11.596747196903724,10.354219726533898,9.577592402998217,9.929571583612052,9.86703901141022,9.410115276242074,11.294963801594763,9.560760759538258,8.491166035170489,11.566398145872277,10.247522673387135,11.718444777735272,11.123876343360298,10.10728083173609,8.95059756661274,10.873842363332454,11.457143909887966,9.671211026158579,10.470442886708888,9.623435003976343,10.68987721413348,9.915524072924388,10.719675294921883,11.629307803766599
B10,11.395377332602505,10.17942093556896,9.324433418531765,8.55789830822895,8.998722492444305,11.193740134812584,12.476316928079298,10.36548545973633,9.7697436429922,11.131421265173515,10.772996371514528,9.005845382051413,9.402014265642906,10.50676969458303,10.410878865421788,9.729318224006795,10.34117195983272,10.901359339838745,9.407386177884245,10.369770146098698,9.118192434025818,8.966759614373554,9.722612462190726,10.120061635598274,9.739036699662618,9.728714136267852,10.01845649068791,11.45314887118808,8.904932010196129,10.518880281174635,9.585863912377109,11.09208492049933,9.091342613887079,10.514614771796555,8.451159600197688,10.608451816755293,9.455832329983899,12.502097406044157,8.224679494699647,9.52144517525538,12.473812223155647,11.10933225992305,9.413680102362477,10.412847448162923,8.526257740586495,8.951827260206521,10.151853518484952,10.329872921519614,11.320677854608054,9.39365371937898,10.655424198434643,9.540286431025052,10.440087533100979,10.256485975578217,10.863356324584132,10.165166303450476,10.26292961028551,10.225563417386375,11.147905836563899,10.331277497246846,10.720672825919596,10.78986960132556,10.024900807103103,9.034119415845561,11.229558485393323,7.856798355624228,10.066747681093199,9.790888667435826,9.59893400451498,9.855709557689583,10.413723065230593,10.821065945839969,11.812044946038213,9.767877870351914,10.069456857698743,9.02996785868703,10.139430159692116,10.765329997327694,10.004726977504923,8.567593542425806,11.710841569482392,10.372732214389764,9.874315872662013,10.670231182181034,10.619188530407056,9.073023631699947,10.757236864078816,10.231847595223533,8.732168804543228,9.50607562466126,10.320864269998124,10.410806819261895,10.648212709048943,10.39297123187411,10.158075075091325,11.133051906442388,10.922369631554554,13.246691197773307,10.893237173890936,9.848105869941588
B11,10.664176107158978,10.336244846022288,8.824224449987527,10.095076904876016,10.235264628005021,11.609499763533401,12.49131867471658,9.122802998369075,10.773019634362598,9.733845216406518,9.33607226572384,10.547648165405105,10.377152418670418,10.197244857153706,9.692450947365058,9.281925326133265,10.092308216407604,10.826491306920545,10.876447097623991,12.821818099579003,10.85184015055578,8.562279019022437,11.792369910965482,9.712119917847053,8.781633520598731,9.479930489919257,10.400549312084943,10.18852803493843,9.510146742330042,10.041961076797637,11.823670567429268,9.963309951198887,11.338199631027264,10.945010229236496,9.471501543872328,10.709255002425975,12.106597019685859,8.365176327839617,9.876458339159727,9.589757048470512,10.505632493703269,9.454486801279627,12.576032102227298,10.028321256588663,10.165538514951566,10.978489919310519,8.81621838365659,11.244999882557984,10.277530606764179,10.951565542146296,10.938090767060437,9.803166007838826,8.427598856045789,11.006841644345638,8.921113976492629,10.31662426533774,10.496601465367155,9.700128873027133,10.470661842305477,8.031519344192093,10.115090355471658,8.747544137464493,8.553610869773713,9.434542468741554,11.597008283755745,7.673101667484167,10.91524893719937,10.837247610758826,10.553542285558136,7.459636407172623,9.905396932722056,9.957963091461089,9.298170500348006,11.66709295582689,12.024725286984953,9.988897618623694,8.935268209532678,9.80086119800971,11.483873041888165,8.74550537270848,10.153949675335554,10.369052120989751,9.711290616737088,9.264371588939058,10.844555923921728,9.11945650610771,10.682639100896587,11.35386028163535,9.13707208088691,9.107226358135051,10.344720316745756,8.29212420401725,10.52569430287124,10.468379867093342,8.556015827381481,10.700580594073571,11.22397993802042,10.47193376067036,11.894869367738508,10.180448860234
B12,8.28884170745149,11.067415102734504,10.54083163220969,10.562100626052777,9.434212781192342,9.49579866616394,10.787176972988455,9.735067562959152,10.655591747246206,10.452893688109024,9.568308279664992,11.14501933533709,9.86057003795305,11.624202671466124,10.153268103892454,10.997058678986246,10.889723142955717,8.732159425227808,9.467966108921205,10.187218462289374,9.24288929064613,10.32938326672847,12.183012759125091,9.651334798076165,9.688387625108387,10.643988197169781,8.62440128211122,10.203045206152487,10.056595380078374,9.31034689732382,12.256176897022236,10.28813061464309,9.503560444095136,10.241347985360944,9.65716704680149,8.829605921303603,9.041470261801873,8.369355385151493,11.010619373262388,9.86180484829182,10.921880609024978,11.102280296319343,8.561882268330276,11.461305872014918,10.904102100410709,8.89651500863468,9.561332548893255,9.311098406538699,9.278975445913137,10.908286273000476,10.46745243651468,8.178273401584308,9.780931228834692,9.20289055601941,11.182367677498565,9.477422069809291,11.482130821696257,9.812692480381456,10.609000464514768,10.497949014307078,8.769275965329635,10.737649414409251,9.609782501089352,10.895434027342832,9.919097539800214,8.895219010111514,11.803527012155925,9.91851609331814,10.650149484289145,9.311401996777754,9.904252697751785,10.00283993615108,9.112539292673144,11.017764446087368,8.740114011511439,11.190615394076973,11.031701645373325,10.425356553256417,10.49154886533627,7.446881737605232,8.805307534809586,10.117622341790094,9.622525598553972,10.093312274094641,9.26693184849094,8.768779079721996,10.98446964924973,9.857017561495528,9.463321518709837,10.03423311408137,10.991963587458697,10.234151087222711,11.7519721025464,11.726888123851808,11.841796851673026,11.046143348605826,10.947395984073193,11.796037580060371,11.670852076313432,9.277339865233554
B13,10.678896362540938,8.585322950418986,12.15456744659204,10.535942396118573,9.123496473548178,11.945571699439402,10.290927348992735,9.059840111730125,8.708670670060899,9.239633620566005,10.388283756322354,9.403102841312894,9.256162843966788,9.769329452034711,8.681074716581866,7.943091471535515,11.005719105571124,12.081973080907417,11.509202059759389,8.430774317995562,11.109915907684018,9.833979566705915,8.411228434222629,8.353369898931858,10.419762741406718,9.326752705616649,9.765607978545166,8.129654663646495,10.100987512451377,9.934673076732748,10.627152537125248,8.271645315080155,8.380569328901844,11.306017486948686,12.065665897707511,10.767585419449786,10.733512789500187,8.699527138652826,8.648837725670429,9.13248823545957,9.343703463557366,9.531535913372458,9.856733017981602,9.93413770794703,9.29096908616808,11.015905720564206,8.899629273640821,9.135184118025508,10.051665389468283,9.22181280164368,9.039025874509518,10.520566759995212,9.746129121791054,9.102308162058655,10.173638729262805,11.378321002555897,8.802976361908211,11.198533375274037,10.549669557324764,9.326175760745638,11.133765576283949,10.529202816356023,10.207137433066096,11.79333976763695,9.913028268771324,9.488766812047519,10.040775449157884,8.823122093356341,10.223412212253338,8.43194720739675,10.77774321089357,10.346089163637464,6.919710150050548,11.654879810066317,9.915549727812335,12.254217033856811,11.170921068843858,8.332008792154303,10.546346139074158,10.535611553921136,10.135833334881728,10.687255358943586,8.693577990703012,9.336465959844812,8.990387784865643,8.957873355139435,9.060669153842163,10.892255037341663,10.145413241973428,8.600032347762665,9.779838468799609,6.8898100007787795,10.6637458918526,10.676468940675848,10.257435325112708,12.3142903210388,11.882012589203848,9.55080234445979,9.34398264283145,10.023886396246462
B14,9.558967052129491,10.689314115111388,10.809914039101251,8.583948139606782,9.293000968761847,11.413174489387707,8.002249804425613,10.683868197100807,9.738258869703138,9.135291487175627,10.37311454623608,10.022248879237695,10.533380807262795,9.90550402009982,11.1605430980876,9.719909436856819,9.286192225750787,11.771678997205896,8.798557463846587,10.024481732550377,10.01750461566143,10.03361980188074,10.260918934165023,10.585792785730673,8.928223076821222,10.835801686913085,9.368544609698903,10.9264648848842,10.431343948585267,11.362573116558076,9.801797539060765,11.305014815462942,11.318656451795572,8.286252140159126,10.00857196908613,8.437033379998137,9.150513172288795,8.616870440128155,12.151953100436149,9.092695353182203,9.748152682832611,11.219521079670741,9.412151812410016,11.495563910543332,9.632425085216363,13.241380334827724,10.833558364735637,10.55159667679592,8.002808372695338,11.874410215137594,11.050977834138159,9.206952750522895,10.660846793656175,10.292910623044165,10.388889549830024,9.487423423306655,11.296810958454364,11.169639037630965,8.661099181984941,11.022359818677169,9.471914221429293,7.761919805089397,9.609491085062524,9.159562365821566,9.296737332742655,7.80442089787012,12.664736146769997,9.427613969556127,9.735697418128712,10.251016076095008,11.295515575928302,11.123080875408737,8.756817903572959,10.821172072535376,10.279789719456389,9.492756547034357,10.52954869116127,10.29082454639336,10.047635176464304,10.642459016602098,10.171953072536104,9.742106160334568,8.077146289662382,10.202742242911617,9.941547914735743,10.686544611787346,9.524843754057896,9.326053554105666,10.56481468399617,8.861267657776963,9.725011102039321,11.747578975274743,11.36876843552135,11.734306848127824,12.10082685180055,9.518947790819066,11.592131608217315,10.019700730651104,12.6653878939569,10.669581222587919
B15,9.611697196858744,9.757040430824205,9.775980199096859,10.002560384216444,10.798559968547673,10.176787589278266,9.48966472479099,10.52769664622818,10.529696468719537,10.08276306766158,9.217746499694014,10.453137576938293,7.876701349778809,8.749894940371375,10.921356095956524,9.298288151856408,8.966864031798854,9.215140092859087,11.512283728095865,8.771611042196906,9.895369406271817,9.184804822572426,9.97369085158602,10.627194759921911,9.333318637993594,9.90485519796788,8.976127346356478,9.068884920758359,10.54132658989994,12.143538820081146,11.312147226335794,8.083353225247496,9.13293533210283,11.0848085515237,8.433295820203611,10.044359451387853,10.07193825850733,10.120976422616891,10.32026419327392,10.23818075745826,10.198957385661643,8.251289204377468,9.446722535535258,8.591272004902809,8.568998599915169,8.84410928440409,9.789043331543748,9.048830950435734,11.204173913411438,9.626404427247186,9.130213567171943,8.628986194508164,11.928143324658384,8.196957422236428,10.991701847093818,9.964887741689317,11.238861872800847,9.495646413006872,9.942091503118851,8.945418453395071,11.54718432828444,9.88048774572378,11.315844547569148,8.148892147404688,9.99506236888199,9.485345301739908,9.867592017117587,10.131211093347146,10.336308245849798,8.792609407448895,9.367825145663183,11.093925437122966,10.338885233591643,8.431650110982789,10.066469645967464,9.174808358743629,11.718386862550808,9.801557121396247,10.448260587399147,9.901865160050722,9.58460230236605,10.024221992776143,9.948705320083846,11.54459787246303,9.052022151893949,10.509062392705376,9.583266090291641,10.995517961319226,8.314996941466656,8.940738469598683,10.557435895639678,9.780070417144778,12.513530550048465,10.896413031146077,10.803887770210691,11.199604811963976,9.24355201351131,12.000698452987542,9.461837863384526,10.936306864758116
B16,10.431627762995078,8.75600031820958,9.731688509409832,8.704177169355669,9.562551469617482,9.967999151900145,11.96943904417882,8.899194770112484,8.866679096344084,9.675422896287296,10.699967187708163,9.107954245846821,10.365335888352599,10.939290205036025,10.475658934647825,10.713217430689527,9.971948046631498,10.36521799436197,11.140973339745024,10.589707560171137,9.347746171792718,9.593230837763878,9.581124117555456,9.821358462224111,11.651650436214071,10.940201036083884,8.859214797987239,7.676734035379102,10.113313951234275,10.02925174015386,8.887964260712343,8.60176805444017,9.92530064431643,9.740707339661007,11.040553356249736,11.717072635385858,9.60626688212098,11.123929462842547,9.76848898469553,10.081660726977223,9.795994495062173,8.396509951457496,9.096567393082779,9.869276934619908,10.081687364559757,8.624328793761588,8.2759051929857,9.352456758281162,8.925298720897398,7.435887680374112,10.903257428951326,10.942645079872687,9.812440600105441,12.059894231387695,10.361299804028862,11.045324821405442,9.53373752034274,10.126688046836325,10.831479783995073,10.438634422330761,10.790345877727248,10.20049157900755,11.899636052287134,8.989023710690544,8.441276830578904,10.330319304436332,9.339568594261008,10.493544458826428,12.007843317958747,10.56261817830157,10.009138723430413,10.714980956446645,10.217794493775727,10.62913168516298,11.154942585582681,9.514771665992797,10.605394522886968,11.552593459926364,10.459422542649941,7.945237725619784,11.163336692070827,10.319274444630697,8.490642559610427,12.7148252591533,10.074475154308544,10.73635381172618,10.175681285726304,9.964364320067586,9.34326143958289,10.995410534853423,10.564550582285602,10.658134778957491,11.46738219793307,10.822071915178027,9.199516431087837,10.028801482171039,10.479383829254923,10.350297659843966,10.369321177056248,12.039766319036152
B17,10.596867130149906,7.8375647348675646,9.082011907670372,9.949621778164394,8.862522205907338,11.022607000240905,10.377922947465418,10.918568990096828,8.540242876277818,10.647111038956476,11.257473764437377,11.203235160756362,9.54504095575801,8.620089683790493,11.909916264809334,8.783457430725859,10.43352854577948,9.949542001249359,10.408188545865851,10.281736821190929,12.734951528203556,8.312922893133738,9.164299677827694,8.401025325380497,11.484490105375706,8.995058632745813,10.802300885903259,7.955716267705482,10.066525273235566,9.73000365439863,11.189292967138588,10.366085298654149,11.75573108721336,9.728820810136376,10.47219505467505,11.556921518370665,11.137760250216573,9.693587018209739,8.488507531816548,10.657096706464218,8.77162132419536,11.46055376725297,11.571425721376787,10.63301477796516,10.770006444734902,8.784670919506404,11.333724711181757,10.384571852857336,11.13505658462719,10.925966176131476,10.654514654402396,11.519899908308114,10.487632726498013,10.328752414546727,11.163806436362844,9.698197653810928,11.539380059492158,9.665599764807418,9.57544004530146,9.222746176072654,8.67692265837625,9.824788740317254,8.717016426589398,9.670648866509632,10.532952825060999,10.352149345583458,11.496287983478723,10.809044551802248,8.885853029921448,11.224140422509786,9.85240894598001,9.177668632816442,9.734058835239209,12.271081435184904,8.779455847129858,8.32780959186839,9.191784890628075,9.577621835514389,11.941769424821901,10.845316921982745,10.540575395183797,10.172204910854948,8.705723450290943,10.173581635644473,9.606139752882573,10.294833388228428,11.130557781156408,10.837771520705394,9.137602071775941,10.475844924639743,9.71529543746142,9.880031478142772,12.38530543301649,9.984831892483642,9.698197549193317,11.113148232834119,11.568620131048755,10.020966339355605,11.010395689738289,9.752775793922115
B18,10.73308641021061,9.408818599310544,10.95108324410202,9.830189530753648,9.758880727007128,9.665057390338761,10.671385552341068,10.579140410167962,10.45310525000397,11.170969860531578,10.090042743160017,6.297787537323556,9.552045648377744,10.280883063670577,10.418220392006985,9.65401704216261,9.441440681265119,9.013558516586606,8.695630935011994,10.190008478572159,10.048774805381072,8.162435935441613,10.464961703520936,11.765728384209662,8.761975536659586,9.685528801188036,8.751610922216182,11.87958185379693,10.801382828879111,9.151299020595433,9.946082641871804,9.565468506891309,8.92667109294817,9.97802996361792,10.332789670438276,8.466879965210525,9.484672322377245,10.776846170304575,10.580123383308797,11.175150255522189,10.405267811378323,10.05216199233774,10.06954240931721,8.079475101074825,10.946599537812846,8.710349597235947,10.465152197159098,11.162829659782345,9.016168696690018,10.857805656599357,11.407044471755231,9.678752155523814,9.702176369023643,8.653204078650505,10.731796268110692,11.193861596293024,9.680937264887621,11.031542355993786,8.984237782938884,8.984435777110628,8.015938593512608,9.93157352113166,10.061827033770593,9.25203400476978,8.342118783611715,8.541598433017619,7.93583658980643,9.470388613753045,9.5577838551926,11.444265732050537,10.442010421681529,9.994367949365305,10.680520977914792,10.90191583533343,9.83483666811854,8.78437580880833,11.266522852190082,10.601571857342512,12.084354052349742,11.049967001728595,9.690009737983726,9.271428556433664,11.745310370714238,10.250868261761292,10.79323641721389,8.748561412043747,9.263428371705878,8.719133224308734,9.735051292427631,9.527335319850827,9.372290266974849,11.463007387981587,11.581494020598118,10.644454400822168,10.447621133317028,12.955583664766575,10.165568445655564,11.792104901323071,11.67929764634608,10.025953240411834
B19,8.117713196830158,10.052915379647166,8.491086700844717,9.318295860905016,9.693095183513869,12.256352219800913,9.557026488217508,11.217586708087245,9.736582836073154,9.85999491130133,10.579631030681307,9.223532793782319,10.450735309147383,11.696766478825204,10.503291105455983,11.511036633747347,9.51326571369665,10.186150734312937,11.024779780604847,9.8424989412464,8.284164347713974,9.835063482107785,9.076317953377476,10.95916964892818,10.668602803417171,12.830650752944884,10.337312465730124,10.610623933566604,9.110992963629204,11.560625515600659,8.26449966022963,9.615574325590602,9.177012202014945,11.670787536695284,9.225583049618926,9.284322415797606,10.045607907097772,9.880526513887414,9.708889194081351,10.542184188792442,7.6976384737864105,10.76703735971801,10.762735834002196,8.230301108518793,11.59027232034767,9.073076682303931,10.614047461254044,10.009606737987475,11.276827565566432,9.572488201616025,10.097119873218556,11.9791489372807,9.015674704933073,9.562614628115023,9.933902159778283,10.306351727407472,9.457247206464334,10.668236865924666,10.281374072256039,10.34410267949479,8.422797927028252,8.358706242803697,9.488559811952657,11.1679775740484,11.162038087110156,9.342789770980087,10.786331834506994,10.581664803605118,9.5726866465722,9.632059537706535,9.14182497417529,11.17316087031252,9.299684013523812,10.49791214269525,10.133566319581508,10.725300362900487,9.128330468700309,11.470625894754496,11.848576131130212,11.137488401272641,8.91530860917924,8.836281934911437,9.85883224826322,10.616188340560544,11.523931423913986,7.983458163800957,10.711258087334006,9.566316678425919,10.78298080985671,10.321526446881338,9.813037110020673,9.061392853014578,10.081742858945427,10.516367214285825,12.628553035811994,10.417538741009277,11.036852728278179,11.187315161949464,10.215910213776294,9.632506724618409
B20,9.919492886707616,9.088584428706543,10.751884747649818,10.366219987059024,9.284539564342657,9.976568855743922,8.951391025101271,9.226175744733862,9.876263219903754,10.567046657409296,10.369765254339331,9.595091481191252,10.427309284965183,9.472301688570754,9.602705341588287,9.455461029709076,10.619011799865405,10.719228543622895,10.541006540339643,12.062925513480693,9.488431098848237,9.646931479588511,11.089320997293223,10.368025162065173,10.706888971851917,8.761916821670914,9.026475927532646,11.188729918573323,9.13108209271449,9.267752073349255,8.505603667517276,11.700835781722267,9.923484457445754,8.650613254188332,8.959339277457794,8.297388778036394,9.427583694534281,9.752398017240235,10.599473318093663,11.759171948848765,9.490047628628762,8.326709416198145,11.310877515929958,9.499237773197382,10.313621352074811,11.382898684620683,10.01677069291548,9.104859290666091,9.77652731635895,10.692450485113298,11.377684828534747,9.808624555228043,8.539208899646706,9.335875508197391,10.205939528113502,10.428224454418077,10.077635163493545,9.778758759476014,9.8628464191763,10.470901936286944,8.842901225766163,9.566900646929348,11.018107949865477,9.550857538920834,10.402960666203157,11.33005095062365,11.335069149681928,9.750115056071333,9.355462235721753,11.30834987963732,8.871471070317153,8.574103485059068,10.07766256471033,9.575558532746575,11.265177077939562,10.08088626119691,10.003830452153725,10.965803078965301,10.313337171241482,10.784948335102394,9.937303837086988,9.305524641489763,9.283294123502255,9.217878402630319,11.769536517245301,12.134437520695565,10.136748503192718,10.896997625200472,11.068862676026622,9.29233475519318,10.059242395768026,9.778243649644311,11.642190112652383,12.11541367708056,11.965897555882844,10.793060103954629,10.205302795304453,11.991184161845991,11.015893987596819,10.443900605183838
