,0
feature1,1.3326769776366626e-05
feature2,0.01650232443563269
feature3,0.17017893867115685
feature4,0.7511067807706626
feature5,0.06524164214253748
feature6,0.04326909023501837
feature7,0.156443923958009
feature8,0.2085629891707621
feature9,0.0030337887409129147
feature10,0.007880609418126419
feature11,0.027935941256700462
feature12,0.887693661962484
feature13,0.0005314968071260943
feature14,0.0035682650713490644
feature15,0.8990663540805712
feature16,0.8867689015320557
feature17,0.09756414604454551
feature18,0.0003766741479272695
feature19,0.0016986665369096278
feature20,0.000225042217779038
feature21,0.00016173106472556765
feature22,0.0022111285603159526
feature23,0.02542318006752164
feature24,0.88324359034525
feature25,0.23503978488296648
feature26,0.28498989520438334
feature27,0.015190551653364377
feature28,0.8268102661475195
feature29,0.25671926466990774
feature30,0.08069978084627293
feature31,0.008271466862952836
feature32,0.00015348676834474616
feature33,0.028212181937510437
feature34,0.015175443107577697
feature35,0.5128712158121262
feature36,0.23503978488296648
feature37,0.00039839906566434334
feature38,0.00010955418672295374
feature39,0.3766003449681735
feature40,2.4788345409818156e-05
feature41,1.1437749919039053e-05
feature42,0.00820547535669666
feature43,0.330881590522454
feature44,0.8152521727354535
feature45,5.302981732993967e-07
feature46,1.0238135659177255e-05
feature47,0.9549004120580502
feature48,0.44599132831304966
feature49,0.6011454617048879
feature50,0.06429859341167254
feature51,0.023672391802788476
feature52,0.8318166495481933
feature53,0.5543490929695867
feature54,0.6294172634183164
feature55,0.016693785696474745
feature56,0.00017911856931788822
feature57,0.00011208738708724079
feature58,0.00013041190187348093
feature59,0.0004963598540351115
feature60,0.00013512674709712953
feature61,0.17210430559846793
feature62,0.29476088587797095
feature63,0.04754388418489489
feature64,0.0006564175728442443
feature65,0.00028562318025838833
feature66,0.0018066372741641318
feature67,1.2069882726500542e-05
feature68,0.0009133564635553879
feature69,0.05698886975738018
feature70,0.048251007824502326
feature71,7.549462998571089e-05
feature72,4.215374283111388e-05
feature73,0.07870745231781778
feature74,1.4471898754282913e-05
feature75,0.002494869507306635
feature76,0.5548724529429074
feature77,0.02054905463279382
feature78,0.012899243489813954
feature79,0.07098838503444657
feature80,0.0010153330859969348
feature81,2.693557641740108e-06
feature82,0.18546356480687778
feature83,0.034407973293527704
feature84,0.00017299083436344559
feature85,0.6868688481016183
feature86,0.9017719530923759
feature87,0.009311300109333115
feature88,0.7622569589652977
feature89,0.6428711697613942
feature90,0.3298776338067757
feature91,0.8480193508813002
feature92,0.43097490408923456
feature93,0.9503369357425664
feature94,0.22760325593489358
feature95,0.5130277556245721
feature96,0.5871808193907104
feature97,0.021838440713591634
feature98,0.6206939205184432
feature99,0.13266152359621397
feature100,0.04119600233809223
feature101,0.161873766539604
feature102,0.7649414293614558
feature103,0.4960068362512371
feature104,0.17210430559846793
feature105,0.29476088587797095
feature106,0.04754388418489489
feature107,0.0006564175728442443
feature108,0.05698886975738018
feature109,0.048251007824502326
feature110,7.549462998571089e-05
feature111,0.07098838503444657
feature112,0.0010153330859969348
feature113,2.693557641740108e-06
feature114,0.9845564186471883
feature115,0.3286084911753049
feature116,0.0024340688474629134
feature117,2.941499391272146e-06
feature118,0.00021058696884837806
feature119,0.0003235141332753981
feature120,2.78580996599771e-06
feature121,0.0009896902416561299
feature122,4.6216971309460406e-05
feature123,2.7675905746808398e-08
feature124,0.009372793697987237
feature125,0.0002112109965267515
feature126,0.33441454853049224
feature127,8.859632362536836e-07
feature128,0.37964815563463783
feature129,0.6299964507039384
feature130,0.0008834924656526518
feature131,0.03227072411563453
feature132,0.08966331172933802
feature133,0.1746483712172751
feature134,0.07584741319878756
feature135,0.2874592990203347
feature136,0.47947197316843937
feature137,0.004583628316190835
feature138,0.03297978784282888
feature139,0.03580937951962891
feature140,0.047797056211838024
feature141,0.06982322852027098
feature142,0.09216278539824835
feature143,0.0017163276704142247
feature144,0.0010358840851872016
feature145,0.010069784756610165
feature146,0.006425135541278696
feature147,0.0050052129190201805
feature148,0.0010058073715785004
feature149,0.01126662822404035
feature150,0.05332131043539077
feature151,0.039133442296735876
feature152,0.00027671738732824885
feature153,0.0001931789416535774
feature154,8.957742099384039e-05
feature155,9.354905385193303e-05
feature156,0.040999760095499535
feature157,0.00018642816517762333
feature158,2.5239601611407644e-05
feature159,0.00022269541709357509
feature160,0.0013262680014482385
feature161,0.01329075050268733
feature162,0.00013028582772781256
feature163,5.912606519397198e-06
feature164,4.994135939393699e-06
feature165,1.3730666389764998e-05
feature166,4.8337729332823005e-05
feature167,9.653587403999123e-06
feature168,3.207491779039774e-05
feature169,4.946454846480331e-06
feature170,1.2685637058225138e-05
feature171,7.851838070815228e-05
feature172,0.05142688232156577
feature173,0.004029307609114794
feature174,0.0009255471678912728
feature175,0.024219646231878396
feature1_noise1,0.4422164704966155
feature1_noise2,0.8004309412317524
feature1_noise3,0.7460368435798765
feature2_noise1,0.44559805869965297
feature2_noise2,0.9165590524598682
feature2_noise3,0.7589724639175245
feature3_noise1,0.11312545875415633
feature3_noise2,0.7775354077997725
feature3_noise3,0.43639083755713537
feature4_noise1,0.4274377168218576
feature4_noise2,0.1719973202951231
feature4_noise3,0.46443867951559115
feature5_noise1,0.2774983376476736
feature5_noise2,0.8957597405849083
feature5_noise3,0.30818671094771033
feature6_noise1,0.28724484821722895
feature6_noise2,0.6469352334794853
feature6_noise3,0.9129513304736611
feature7_noise1,0.027461447450536844
feature7_noise2,0.28618030776196196
feature7_noise3,0.9878296821481871
feature8_noise1,0.4131368380136341
feature8_noise2,0.9288179314534787
feature8_noise3,0.08335633592528573
feature9_noise1,0.9915241867202815
feature9_noise2,0.7193247311226055
feature9_noise3,0.9184417152883158
feature10_noise1,0.8571001067014805
feature10_noise2,0.9907071673899761
feature10_noise3,0.6039051989930913
feature11_noise1,0.3008112264682515
feature11_noise2,0.8430276705222364
feature11_noise3,0.35890302342179425
feature12_noise1,0.8164394341070561
feature12_noise2,0.8705397847184868
feature12_noise3,0.13623160282912658
feature13_noise1,0.2533667284466823
feature13_noise2,0.5914380421319836
feature13_noise3,0.6716641442445488
feature14_noise1,0.9644413793488176
feature14_noise2,0.6285691392698417
feature14_noise3,0.40715354305460283
feature15_noise1,0.6980810723662727
feature15_noise2,0.02764252976101546
feature15_noise3,0.9433559922811774
feature16_noise1,0.5547774607729944
feature16_noise2,0.3830517689768007
feature16_noise3,0.36996729075499657
feature17_noise1,0.9524464229283489
feature17_noise2,0.25580832212355037
feature17_noise3,0.81225581217045
feature18_noise1,0.7234159320808884
feature18_noise2,0.3823782883600203
feature18_noise3,0.657899908868538
feature19_noise1,0.8517507293758678
feature19_noise2,0.5768117546018696
feature19_noise3,0.17135830756505838
feature20_noise1,0.8564032528008803
feature20_noise2,0.5879528807028078
feature20_noise3,0.367515309721981
feature21_noise1,0.8384003493877077
feature21_noise2,0.29580776979636064
feature21_noise3,0.37118999931878227
feature22_noise1,0.07215387456101893
feature22_noise2,0.8299499818243029
feature22_noise3,0.468009018158718
feature23_noise1,0.8496691490578734
feature23_noise2,0.8584705333769758
feature23_noise3,0.9951395911340644
feature24_noise1,0.4916097729003259
feature24_noise2,0.374636025802328
feature24_noise3,0.9540317972959851
feature25_noise1,0.6881337284196261
feature25_noise2,0.8879405248856405
feature25_noise3,0.30903959326128055
feature26_noise1,0.25541153954748436
feature26_noise2,0.8892939106504365
feature26_noise3,0.1236942189015018
feature27_noise1,0.7990877465056772
feature27_noise2,0.6302095016974587
feature27_noise3,0.6395181172562726
feature28_noise1,0.7668327883080531
feature28_noise2,0.5218277792304558
feature28_noise3,0.31617963296214296
feature29_noise1,0.8291509913074598
feature29_noise2,0.30448666131564034
feature29_noise3,0.8882358309698658
feature30_noise1,0.08200511247723193
feature30_noise2,0.7164705173852259
feature30_noise3,0.4095865642656117
feature31_noise1,0.36937562528935197
feature31_noise2,0.7207130704417812
feature31_noise3,0.5651938631027793
feature32_noise1,0.12451657435948935
feature32_noise2,0.5005830717088826
feature32_noise3,0.4827540369376744
feature33_noise1,0.25710274113412285
feature33_noise2,0.3814010203612813
feature33_noise3,0.9735186210215463
feature34_noise1,0.554272268242513
feature34_noise2,0.5235690008232949
feature34_noise3,0.03394332431918239
feature35_noise1,0.9789129147765582
feature35_noise2,0.18340913671606043
feature35_noise3,0.4819201921059093
feature36_noise1,0.45153154081535396
feature36_noise2,0.13267290099139173
feature36_noise3,0.14383921946221717
feature37_noise1,0.30163234068414374
feature37_noise2,0.19906250246169258
feature37_noise3,0.04626982158694884
feature38_noise1,0.33156654617539405
feature38_noise2,0.8861745437518903
feature38_noise3,0.6425146357517337
feature39_noise1,0.9170824899851854
feature39_noise2,0.203331006236645
feature39_noise3,0.9502783108487722
feature40_noise1,0.9404010999705469
feature40_noise2,0.659054703227687
feature40_noise3,0.7952612326916918
feature41_noise1,0.5292525213779946
feature41_noise2,0.8352243129841426
feature41_noise3,0.12005707514251768
feature42_noise1,0.09000726965743683
feature42_noise2,0.418607549274304
feature42_noise3,0.8633244540313063
feature43_noise1,0.902465057744829
feature43_noise2,0.13025968572121244
feature43_noise3,0.7024945550285918
feature44_noise1,0.4494708338134945
feature44_noise2,0.3201827877095628
feature44_noise3,0.04391359518363817
feature45_noise1,0.04549597319198556
feature45_noise2,0.3756850262302168
feature45_noise3,0.35124473967727754
feature46_noise1,0.037563268155354476
feature46_noise2,0.01624873242147232
feature46_noise3,0.6114162346076738
feature47_noise1,0.10520157248497539
feature47_noise2,0.5627775896795926
feature47_noise3,0.4037288410059122
feature48_noise1,0.3770534887578858
feature48_noise2,0.43154257100830806
feature48_noise3,0.8680249259260878
feature49_noise1,0.8724662272068572
feature49_noise2,0.2130392355460957
feature49_noise3,0.20454059283111775
feature50_noise1,0.7934647891380134
feature50_noise2,0.9120915941189418
feature50_noise3,0.7088662396474676
feature51_noise1,0.18577965365476395
feature51_noise2,0.94443905601652
feature51_noise3,0.8395617381997407
feature52_noise1,0.74940391463952
feature52_noise2,0.4499797323704131
feature52_noise3,0.8172455026929257
feature53_noise1,0.9892661897143417
feature53_noise2,0.5270619812237765
feature53_noise3,0.6349737928203265
feature54_noise1,0.8976867646569497
feature54_noise2,0.32959480548556475
feature54_noise3,0.9471921695903502
feature55_noise1,0.5951928953251406
feature55_noise2,0.2855186799695964
feature55_noise3,0.18230772075262425
feature56_noise1,0.9923892952489906
feature56_noise2,0.9554040756205981
feature56_noise3,0.7337369714508826
feature57_noise1,0.9168525946199519
feature57_noise2,0.3748584427302446
feature57_noise3,0.09497931354403238
feature58_noise1,0.8463240571852575
feature58_noise2,0.48015543509836744
feature58_noise3,0.812833787591308
feature59_noise1,0.03337675110949701
feature59_noise2,0.9417452471977625
feature59_noise3,0.7140036812013589
feature60_noise1,0.7774981120578013
feature60_noise2,0.3107596737090918
feature60_noise3,0.4987172997036059
feature61_noise1,0.3924116907958398
feature61_noise2,0.8318451938963757
feature61_noise3,0.4794699584564692
feature62_noise1,0.39967095231949046
feature62_noise2,0.043388156294044224
feature62_noise3,0.6901161502991978
feature63_noise1,0.6131267137644535
feature63_noise2,0.4338594660035733
feature63_noise3,0.45506454070964464
feature64_noise1,0.7065514428452871
feature64_noise2,0.037047464689120055
feature64_noise3,0.8187337432860127
feature65_noise1,0.6644768738584256
feature65_noise2,0.8674415696583839
feature65_noise3,0.3789906079907006
feature66_noise1,0.6456621320458447
feature66_noise2,0.15516330131027867
feature66_noise3,0.13701791770059452
feature67_noise1,0.7279432292164189
feature67_noise2,0.4995460008179643
feature67_noise3,0.18358763742126655
feature68_noise1,0.7894821134301648
feature68_noise2,0.2960683452837649
feature68_noise3,0.9633828291136856
feature69_noise1,0.12311655395404489
feature69_noise2,0.5043066992107238
feature69_noise3,0.31863756704622415
feature70_noise1,0.47074751347703003
feature70_noise2,0.8804307085789016
feature70_noise3,0.09018660700744682
feature71_noise1,0.0019571189673215795
feature71_noise2,0.08991402288605002
feature71_noise3,0.03186451290897877
feature72_noise1,0.30416090650682254
feature72_noise2,0.5412191945809267
feature72_noise3,0.5960817367779382
feature73_noise1,0.8365077841643823
feature73_noise2,0.18649517067994326
feature73_noise3,0.6438133399938204
feature74_noise1,0.14967093399641632
feature74_noise2,0.15952402077227007
feature74_noise3,0.3723512746726424
feature75_noise1,0.012177914646819247
feature75_noise2,0.25248970265777076
feature75_noise3,0.9120898916985027
feature76_noise1,0.48384551082860894
feature76_noise2,0.31012309436623986
feature76_noise3,0.40482067237536556
feature77_noise1,0.4606563331496252
feature77_noise2,0.5272957139217481
feature77_noise3,0.30587399972085205
feature78_noise1,0.7073443081070532
feature78_noise2,0.3052190890507041
feature78_noise3,0.8514102089968046
feature79_noise1,0.52124795530719
feature79_noise2,0.4944431366293287
feature79_noise3,0.2020524256427835
feature80_noise1,0.055392968791417516
feature80_noise2,0.6029819945238634
feature80_noise3,0.9302724760586105
feature81_noise1,0.5979339526602883
feature81_noise2,0.6372867131820089
feature81_noise3,0.9764321745479534
feature82_noise1,0.5513943857030656
feature82_noise2,0.3344050231068284
feature82_noise3,0.8213689568819946
feature83_noise1,0.4954931069505152
feature83_noise2,0.7985969565007078
feature83_noise3,0.6516060358756129
feature84_noise1,0.7484111543594697
feature84_noise2,0.7861848471414821
feature84_noise3,0.9972327090820245
feature85_noise1,0.1948622548595122
feature85_noise2,0.2785415669753139
feature85_noise3,0.1318845746728478
feature86_noise1,0.8975893561379298
feature86_noise2,0.39794208692625377
feature86_noise3,0.020390282074210026
feature87_noise1,0.6726814237738681
feature87_noise2,0.31225718912323774
feature87_noise3,0.05245325305762976
feature88_noise1,0.2726786930771508
feature88_noise2,0.7268941395768937
feature88_noise3,0.12107369240222506
feature89_noise1,0.7230121650664598
feature89_noise2,0.7651230087242188
feature89_noise3,0.5764537634454658
feature90_noise1,0.6985183740819275
feature90_noise2,0.04161016617275215
feature90_noise3,0.0425568986349029
feature91_noise1,0.8969707404496468
feature91_noise2,0.1476106527071071
feature91_noise3,0.3711497708962772
feature92_noise1,0.7689399430040671
feature92_noise2,0.9741098871696947
feature92_noise3,0.5989681071227562
feature93_noise1,0.2432389010215937
feature93_noise2,0.2682029079375203
feature93_noise3,0.6051312633405
feature94_noise1,0.04053361155715217
feature94_noise2,0.07758446539821104
feature94_noise3,0.08739588095466723
feature95_noise1,0.07109704885099008
feature95_noise2,0.8428694306577824
feature95_noise3,0.5713553081951708
feature96_noise1,0.3498885616064795
feature96_noise2,0.7274358954180947
feature96_noise3,0.1905457210305781
feature97_noise1,0.1833755783562373
feature97_noise2,0.3605020889660262
feature97_noise3,0.9666983956251223
feature98_noise1,0.4586305199587757
feature98_noise2,0.7963483386726683
feature98_noise3,0.1143405880238837
feature99_noise1,0.20847095551175246
feature99_noise2,0.7912838077371986
feature99_noise3,0.36794631455100846
feature100_noise1,0.8642751948080892
feature100_noise2,0.3237957879516177
feature100_noise3,0.403995885861554
feature101_noise1,0.5825337191542657
feature101_noise2,0.7064220161574761
feature101_noise3,0.11952604783761209
feature102_noise1,0.34952682562917936
feature102_noise2,0.9141213797776917
feature102_noise3,0.46393503417242754
feature103_noise1,0.7279245568531897
feature103_noise2,0.0644957906136579
feature103_noise3,0.9494246543326599
feature104_noise1,0.093167631331357
feature104_noise2,0.31136071432287266
feature104_noise3,0.6443529217093311
feature105_noise1,0.20379018369791982
feature105_noise2,0.088842523099002
feature105_noise3,0.5211011179723384
feature106_noise1,0.17966479043770017
feature106_noise2,0.33458865684727435
feature106_noise3,0.2690633241351708
feature107_noise1,0.3891701340892445
feature107_noise2,0.5191291474943782
feature107_noise3,0.9799857475936908
feature108_noise1,0.2881751445049291
feature108_noise2,0.4141881747909798
feature108_noise3,0.04212860371779197
feature109_noise1,0.7993293361262487
feature109_noise2,0.6447712737548013
feature109_noise3,0.15648389982063607
feature110_noise1,0.15691925897128942
feature110_noise2,0.6236467448526797
feature110_noise3,0.22749810683139415
feature111_noise1,0.8791350072850819
feature111_noise2,0.8925944385423947
feature111_noise3,0.6644524635061163
feature112_noise1,0.704051458732862
feature112_noise2,0.5666098918374829
feature112_noise3,0.1496641449756661
feature113_noise1,0.5463078257852982
feature113_noise2,0.738858383980294
feature113_noise3,0.48090637864425734
feature114_noise1,0.2495913699122598
feature114_noise2,0.9520941132116196
feature114_noise3,0.5317487186964192
feature115_noise1,0.5494353153355693
feature115_noise2,0.7285933560616105
feature115_noise3,0.03218424450766949
feature116_noise1,0.4243442467741658
feature116_noise2,0.5768759822267523
feature116_noise3,0.7909306991866949
feature117_noise1,0.50552880575037
feature117_noise2,0.051566799865117245
feature117_noise3,0.6761529871893387
feature118_noise1,0.6456973243857955
feature118_noise2,0.5792417673011729
feature118_noise3,0.8340490534939276
feature119_noise1,0.31463817533529087
feature119_noise2,0.683697432270506
feature119_noise3,0.27633386030269236
feature120_noise1,0.3258708536038043
feature120_noise2,0.7245027608847614
feature120_noise3,0.3774457740150333
feature121_noise1,0.16680427220015004
feature121_noise2,0.8813087483691568
feature121_noise3,0.044906563670170964
feature122_noise1,0.31541586575276304
feature122_noise2,0.6007599281199956
feature122_noise3,0.27045446870333795
feature123_noise1,0.3310933929852732
feature123_noise2,0.4135966897110004
feature123_noise3,0.8418257018761892
feature124_noise1,0.8214513327806441
feature124_noise2,0.8751569574528888
feature124_noise3,0.7977920676759372
feature125_noise1,0.49456134445999167
feature125_noise2,0.5078420618534356
feature125_noise3,0.30811969720781707
feature126_noise1,0.9412415698979401
feature126_noise2,0.8651163782553217
feature126_noise3,0.7833784840692765
feature127_noise1,0.8891181579228331
feature127_noise2,0.7819384163441143
feature127_noise3,0.9671517409116277
feature128_noise1,0.8121627856649508
feature128_noise2,0.9069584463858837
feature128_noise3,0.40912753344636554
feature129_noise1,0.6897165374410567
feature129_noise2,0.1865397238186554
feature129_noise3,0.4609832855393141
feature130_noise1,0.09680583757633142
feature130_noise2,0.06671883940501289
feature130_noise3,0.7390566540922554
feature131_noise1,0.08363928032571659
feature131_noise2,0.1581034588602601
feature131_noise3,0.3395886636644909
feature132_noise1,0.9807167201323154
feature132_noise2,0.636007448634712
feature132_noise3,0.08361297524338303
feature133_noise1,0.59021128475376
feature133_noise2,0.4849857977138545
feature133_noise3,0.3647513885264989
feature134_noise1,0.15873187660032662
feature134_noise2,0.9881172730258195
feature134_noise3,0.40750409007604815
feature135_noise1,0.8038387803281022
feature135_noise2,0.1742888545806736
feature135_noise3,0.018537179641953214
feature136_noise1,0.47644237087959207
feature136_noise2,0.06136662165730785
feature136_noise3,0.022491926892926953
feature137_noise1,0.30264281121250647
feature137_noise2,0.8897863138013253
feature137_noise3,0.21798977264525793
feature138_noise1,0.7663698762637238
feature138_noise2,0.06652296773105894
feature138_noise3,0.983862501727033
feature139_noise1,0.3997798752412576
feature139_noise2,0.09848759534903181
feature139_noise3,0.7266513403467083
feature140_noise1,0.10505733988664866
feature140_noise2,0.39950687807973007
feature140_noise3,0.18257953346180755
feature141_noise1,0.16114076996655105
feature141_noise2,0.39890280767392017
feature141_noise3,0.19538746057241252
feature142_noise1,0.39536910922254787
feature142_noise2,0.4570415723497364
feature142_noise3,0.3505231370201668
feature143_noise1,0.0989574335607905
feature143_noise2,0.9355933380908268
feature143_noise3,0.9735943152342421
feature144_noise1,0.6822172386237749
feature144_noise2,0.6965448215150021
feature144_noise3,0.42163801979313187
feature145_noise1,0.21443774396538534
feature145_noise2,0.33712558681258886
feature145_noise3,0.4175069847250177
feature146_noise1,0.7553653125084727
feature146_noise2,0.9211195024075578
feature146_noise3,0.05040535009480596
feature147_noise1,0.6580544076168814
feature147_noise2,0.23771375557411661
feature147_noise3,0.5556807862995452
feature148_noise1,0.4214718832963563
feature148_noise2,0.17822216761766466
feature148_noise3,0.0826078290201864
feature149_noise1,0.30599718753821703
feature149_noise2,0.9436788735023988
feature149_noise3,0.3653452846939954
feature150_noise1,0.4726049609976455
feature150_noise2,0.5912557404825383
feature150_noise3,0.03324025300674184
feature151_noise1,0.7948781662655722
feature151_noise2,0.2810017251957607
feature151_noise3,0.06664260559824048
feature152_noise1,0.033663746994621394
feature152_noise2,0.30453986641187
feature152_noise3,0.4907226163198328
feature153_noise1,0.683976849113102
feature153_noise2,0.35153785933049175
feature153_noise3,0.47486060213121084
feature154_noise1,0.6559792569051861
feature154_noise2,0.2551097146939115
feature154_noise3,0.3280915508855442
feature155_noise1,0.027175443815264818
feature155_noise2,0.6874133493934658
feature155_noise3,0.11670443203828816
feature156_noise1,0.8031194793799448
feature156_noise2,0.6695548675941287
feature156_noise3,0.36920454493995836
feature157_noise1,0.5107632902102845
feature157_noise2,0.7779967413471641
feature157_noise3,0.8069129398771266
feature158_noise1,0.693794179053422
feature158_noise2,0.39034681290714734
feature158_noise3,0.29460639145355005
feature159_noise1,0.40906974041825084
feature159_noise2,0.9341322756183884
feature159_noise3,0.38410926335963
feature160_noise1,0.7481036220253974
feature160_noise2,0.14410270931397484
feature160_noise3,0.6176263785045648
feature161_noise1,0.7387919919601452
feature161_noise2,0.9955137085939245
feature161_noise3,0.07788195068769009
feature162_noise1,0.8038634804042697
feature162_noise2,0.03432985337143999
feature162_noise3,0.4626443854011578
feature163_noise1,0.39949379364056403
feature163_noise2,0.003486171553561662
feature163_noise3,0.5221265809186151
feature164_noise1,0.9514357099795654
feature164_noise2,0.8424616609035956
feature164_noise3,0.2183655789604705
feature165_noise1,0.13241823181199125
feature165_noise2,0.8072722239586141
feature165_noise3,0.5417647667533887
feature166_noise1,0.3152177638916888
feature166_noise2,0.32318311402143873
feature166_noise3,0.594016292723292
feature167_noise1,0.17608596324977374
feature167_noise2,0.456707066965665
feature167_noise3,0.25270744005885826
feature168_noise1,0.6707117025411256
feature168_noise2,0.8944159251597392
feature168_noise3,0.6258082603273022
feature169_noise1,0.08280915013208763
feature169_noise2,0.6195469927535465
feature169_noise3,0.4015479685697665
feature170_noise1,0.8180832788149366
feature170_noise2,0.2776254447447423
feature170_noise3,0.4891087595110586
feature171_noise1,0.32153397623730645
feature171_noise2,0.35055277175335575
feature171_noise3,0.44872817050080727
feature172_noise1,0.8527736565199565
feature172_noise2,0.3981901944037146
feature172_noise3,0.3623863486672312
feature173_noise1,0.4377846199521981
feature173_noise2,0.7430205983931248
feature173_noise3,0.965323000014464
feature174_noise1,0.6868302956411513
feature174_noise2,0.35498989760219635
feature174_noise3,0.6479120944609585
feature175_noise1,0.35760324735298843
feature175_noise2,0.543950716600178
feature175_noise3,0.3901612235804066
