,Class,Lipid,"log2 Fold-Change, brain region 1","log2 Fold-Change, brain region 2",color
0,FA,FA 18:1,0.0450686099281903,0.239421095174624,palegoldenrod
1,FA,FA 18:0,-0.139287943734686,0.136258339583772,palegoldenrod
2,FA,FA 20:4,0.0563409791625702,0.164957692020831,palegoldenrod
3,FA,FA 20:3,0.344837828996225,0.45684329247063,palegoldenrod
4,FA,FA 22:6,-0.0529814551926187,0.123263044263449,palegoldenrod
5,FA,FA 22:5,0.244153106210945,0.332506235156924,palegoldenrod
6,FA,FA 22:4,0.0592506914880744,0.152217438965309,palegoldenrod
7,LPE O-,LPE O-16:1,0.121947023518999,0.0105664719655323,hotpink
8,LPE,LPE 16:0,0.0364029876007486,0.165158330801269,#ffe119
9,LPE O-,LPE O-18:2,0.272597707878276,0.156891639049011,hotpink
10,LPE O-,LPE O-18:1,0.0386539508673387,0.0314654285827167,hotpink
11,LPE,LPE 18:1,0.241622165929133,0.275646541738247,#ffe119
12,LPE,LPE 18:1,0.162678254404604,0.359282901531742,#ffe119
13,LPE,LPE 18:0,0.181101266852874,0.0384662048533357,#ffe119
14,LPE,LPE 18:0,-0.00498495442252178,0.120508308959504,#ffe119
15,LPE,LPE 20:4,0.0911680624335247,0.179806507460555,#ffe119
16,LPE,LPE 20:3,0.345105076828311,0.074130759246902,#ffe119
17,LPE,LPE 20:1,0.518562713455431,0.397229976558471,#ffe119
18,LPE,LPE 22:6,-0.00508069915755982,0.143403109735655,#ffe119
19,LPE,LPE 22:5,0.338621515392486,0.385584891651494,#ffe119
20,LPE,LPE 22:4,0.0805513128524495,0.222781016355103,#ffe119
21,LPE,LPE 24:4,0.115887831121942,0.0427688412798055,#ffe119
22,PE,PE 32:1|PE 16:0_16:1,0.0273191799095045,0.207008872120724,#4363d8
23,PE O-,PE O-34:3|PE O-18:2_16:1,0.046822348931876,0.0501386157372288,#e6beff
24,PE O-,PE O-34:2|PE O-16:1_18:1,0.0253468904794119,-0.0360613943492467,#e6beff
25,PE O-,PE O-34:1|PE O-18:1_16:0,-0.129580897271286,-0.0621859709847357,#e6beff
26,PE O-,PE O-34:1|PE O-16:0_18:1,-0.235996765377021,-0.156723244656785,#e6beff
27,PE,PE 34:2|PE 16:0_18:2,0.00537889885864828,0.0594741283052898,#4363d8
28,PE O-,PE O-35:2|PE O-17:1_18:1,0.117795378391921,0.079836635320639,#e6beff
29,PE,PE 34:1|PE 16:0_18:1,-0.0903771364906554,0.0453135600264538,#4363d8
30,PE,PE 34:0|PE 16:0_18:0,-0.360333190350232,-0.148122178861662,#4363d8
31,SM,SM 32:1;O2,0.0771852635194143,0.0636017412965231,green
32,PG,PG 32:0|PG 16:0_16:0,-0.0491296558651051,0.0400190482467835,#42d4f4
33,PE O-,PE O-36:5|PE O-16:1_20:4,-0.037477792959649,0.0313057056799515,#e6beff
34,PE O-,PE O-36:4|PE O-16:0_20:4,-0.261012366062577,-0.230550591808431,#e6beff
35,PE O-,PE O-36:3|PE O-18:2_18:1,-0.0167064372059436,-0.197074503025704,#e6beff
36,PE O-,PE O-36:2|PE O-18:1_18:1,-0.0721189211853215,-0.03773461315728,#e6beff
38,PE,PE 35:1|PE 17:0_18:1,-0.116112864668072,0.0179722396481949,#4363d8
39,PE,PE 36:6|PE 14:0_22:6,-0.205939503735554,0.0766196314031298,#4363d8
40,PE,PE 36:5|PE 16:1_20:4,-0.0879387870317956,0.0515552701051796,#4363d8
41,PE O-,PE O-37:5|PE O-17:1_20:4,-0.0805533634915321,0.0192363117487346,#e6beff
42,PE,PE 36:4|PE 16:0_20:4,-0.00859581014927713,0.102723880542495,#4363d8
43,PE,PE 36:3|PE 18:1_18:2,-0.119472383426736,0.0978875661885645,#4363d8
44,PE,PE 36:2|PE 18:1_18:1,0.116680415654553,-0.202142533814868,#4363d8
45,PE,PE 36:2|PE 18:1_18:1,-0.083385839948054,0.0561471025946858,#4363d8
46,PE O-,PE O-37:2|PE O-17:1_20:1,0.191219352551119,0.0275383622844885,#e6beff
47,PE,PE 36:1|PE 18:0_18:1,0.349533824776508,-0.0169475140616164,#4363d8
48,PE,PE 36:1|PE 18:0_18:1,-0.0552096341546289,0.0082291528793661,#4363d8
49,PG,PG 34:2|PG 16:0_18:2,0.0150517151975684,-0.193745596194109,#42d4f4
50,PG,PG 34:2|PG 16:1_18:1,0.374704553514103,0.328870382666331,#42d4f4
51,SM,SM 34:2;O2,-0.0192936851266516,0.066204918427843,green
52,PE O-,PE O-38:7|PE O-16:1_22:6,-0.118334617741056,-0.00400669797597786,#e6beff
53,PE O-,PE O-38:7|PE O-18:3_20:4,-0.0908697979796074,-0.0485984211510413,#e6beff
54,PE,PE 35:1;O|PE 18:0_17:1;O,-0.143209657934523,-0.474976667382709,#4363d8
55,PG,PG 34:1|PG 16:0_18:1,0.299322182938518,0.212945626007357,#42d4f4
56,PG,PG 34:1|PG 16:0_18:1,-0.0553543569880368,0.0609101010697124,#42d4f4
57,SM,SM 34:1;O2,-0.00547647169105403,-0.0217187993916461,green
58,PE,PE 37:6|PE 15:0_22:6,-0.0890631158451605,-0.0146753024420079,#4363d8
59,PE O-,PE O-38:6|PE O-18:2_20:4,0.120298941335477,0.176007129452458,#e6beff
60,PE O-,PE O-38:6|PE O-18:2_20:4,-0.227251462630171,0.286820415382564,#e6beff
61,PC,PC 30:0|PC 14:0_16:0,-0.0666295857642716,-0.0390329650969363,#f032e6
62,PE O-,PE O-38:5|PE O-16:1_22:4,-0.0765331867243368,0.0149313475265664,#e6beff
63,PE O-,PE O-38:5|PE O-18:1_20:4,-0.288596084331072,-0.252765124262432,#e6beff
64,PE O-,PE O-38:5|PE O-18:1_20:4,-0.143029872627711,-0.00549755484766479,#e6beff
65,PE,PE 37:4|PE 17:0_20:4,-0.089867550364346,0.062403586414618,#4363d8
66,PE O-,PE O-38:4|PE O-16:0_22:4,-0.178874383670479,-0.133180175142769,#e6beff
67,PE O-,PE O-38:3|PE O-18:2_20:1,0.560827718282837,0.326088760720285,#e6beff
68,PE O-,PE O-38:2|PE O-18:1_20:1,0.17594816657445,-0.0671830849444603,#e6beff
69,PE,PE 38:7|PE 16:1_22:6,-0.0939104812045315,0.0223313566323782,#4363d8
70,PE O-,PE O-39:7|PE O-17:1_22:6,-0.21715268443549,0.0866825329517447,#e6beff
71,PE,PE 38:6|PE 16:0_22:6,-0.115899034058597,0.0619533546773638,#4363d8
72,PE,PE 38:6|PE 18:2_20:4,-0.144426148030075,-0.082037635881008,#4363d8
73,PE O-,PE O-39:6|PE O-17:1_22:5,0.101494604216811,0.225520171450032,#e6beff
74,PC O-,PC O-32:1|PC O-16:1_16:0,-0.0475258784000587,-0.0397131970619498,#bfef45
75,PE,PE 38:5|PE 16:0_22:5,0.13706148908302,0.269089855236242,#4363d8
76,PE,PE 38:5|PE 18:1_20:4,0.00320429250183096,0.10842790247748,#4363d8
77,PC,PC 31:0|PC 15:0_16:0,-0.0778448942501981,-0.0400632402820058,#f032e6
78,PE O-,PE O-39:5|PE O-17:1_22:4,-0.0745603771167609,-0.0166255484335522,#e6beff
79,PE,PE 38:4|PE 18:0_20:4,-0.0778623085023398,0.0357856617513903,#4363d8
80,PE,PE 38:4|PE 16:0_22:4,-0.0726715976057157,0.0605684690232025,#4363d8
81,PG,PG 36:5|PG 16:1_20:4,0.144517903001759,-0.0492871524035259,#42d4f4
82,PE,PE 37:4;O|PE 20:3_17:1;O,-0.0087148349303412,0.0234812389986487,#4363d8
83,PE,PE 38:3|PE 18:0_20:3,-0.102133817202795,-0.0222015799610737,#4363d8
84,PE,PE 38:3|PE 18:0_20:3,0.366307411562371,0.212443754554137,#4363d8
85,PG,PG 36:4|PG 16:0_20:4,-0.0859670895344529,-0.0239163460113154,#42d4f4
86,PG,PG 36:4|PG 18:2_18:2,-0.389452080178842,-0.282992106794634,#42d4f4
87,PE O-,PE O-40:9|PE O-18:3_22:6,-0.13910471702135,-0.0425320341974107,#e6beff
88,PE,PE 38:2|PE 18:1_20:1,0.655236967286765,-0.117925007566946,#4363d8
89,PE,PE 38:2|PE 18:1_20:1,0.246219220711012,0.0704293457517657,#4363d8
90,PE,PE 38:2|PE 18:0_20:2,0.31970394952814,-0.079885278177148,#4363d8
91,HexCer,HexCer 36:2;O2,0.131583051561368,0.00324185154573442,#fabebe
92,PG,PG 36:3|PG 18:1_18:2,-0.0185442142062584,-0.0454787305994024,#42d4f4
93,PE O-,PE O-40:8|PE O-18:2_22:6,-0.0826674108603953,0.0591793563959264,#e6beff
94,PE,PE 38:1|PE 18:0_20:1,0.14149782346756,0.0610989652774592,#4363d8
95,PG,PG 36:2|PG 18:1_18:1,0.471567116368181,-0.077363036647899,#42d4f4
96,PG,PG 36:2|PG 18:1_18:1,0.0711702687058953,0.105420635370319,#42d4f4
97,PG,PG 36:2|PG 18:1_18:1,0.337297994875591,0.00402143847979275,#42d4f4
98,SM,SM 36:2;O2,-0.0295349642026466,0.105596988559199,green
99,PC,PC 31:3;O|PC 16:2_15:1;O,-0.0226738512293956,-0.751268984137923,#f032e6
100,PC,PC 32:2|PC 14:0_18:2,-0.270379820280603,-0.0368614235445115,#f032e6
101,PE O-,PE O-40:7|PE O-18:1_22:6,-0.169906440942437,0.00412559816180291,#e6beff
102,PE O-,PE O-40:7|PE O-18:1_22:6,-0.185037521140998,-0.129058829832474,#e6beff
103,SM,SM 36:1;O2,-0.134919595717907,-0.02470929277629,green
104,PE,PE 39:6|PE 17:0_22:6,-0.147399062818852,-0.0282855697206124,#4363d8
105,PC,PC 32:1|PC 16:0_16:1,0.0379087354514098,0.0710581771459431,#f032e6
106,PC,PC 32:1|PC 16:0_16:1,0.0864807013482078,0.0946473898676388,#f032e6
107,PE O-,PE O-40:6|PE O-18:1_22:5,0.069228145764697,0.166776432138946,#e6beff
108,PE O-,PE O-40:6|PE O-18:0_22:6,0.210706140644927,0.0875204874603206,#e6beff
109,SHexCer,SHexCer 34:1;O2,0.134553525242602,-0.0928845296640191,#469990
110,PC,PC 31:1;O|PC 16:0_15:1;O,0.154818674389887,0.295907751385293,#f032e6
111,PC,PC 32:0|PC 16:0_16:0,-0.0839698692719892,0.0200927729112621,#f032e6
112,PE O-,PE O-40:5|PE O-18:1_22:4,-0.104352374523049,-0.0280161089174129,#e6beff
113,PE O-,PE O-40:5|PE O-16:1_24:4,-0.0220283181460346,0.0184358599797783,#e6beff
114,PE,PE 39:4|PE 17:0_22:4,0.11197539157175,-0.260409166260121,#4363d8
115,PE O-,PE O-40:4|PE O-18:0_22:4,-0.223089779469177,-0.230258395312447,#e6beff
116,PE,PE 40:8|PE 18:2_22:6,-0.0475622310202155,-0.0666301037070909,#4363d8
117,PE,PE 40:8|PE 18:2_22:6,-0.167295304830034,-0.109789346156859,#4363d8
119,PE,PE 40:7|PE 18:1_22:6,-0.0812291697126497,0.0526823373645513,#4363d8
120,PC,PC 33:2|PC 15:0_18:2,0.0956524988105052,-0.254825749101641,#f032e6
121,PE O-,PE O-41:7|PE O-19:1_22:6,-0.180607006412519,0.00130444179726297,#e6beff
123,PE,PE 39:7;O|PE 22:5_17:2;O,-0.0226404536149261,0.0662783393270914,#4363d8
124,PE,PE 40:6|PE 18:0_22:6,-0.1481421607728,0.0321783819696435,#4363d8
125,PE,PE 40:6|PE 18:0_22:6,-0.0932972237758491,-0.0469235597452453,#4363d8
126,PC,PC 33:1|PC 16:0_17:1,-0.0801929951707585,-0.0204708467051198,#f032e6
127,PC O-,PC O-34:1|PC O-18:1_16:0,-0.0463776172923644,-0.127166803710455,#bfef45
128,PC O-,PC O-34:1|PC O-16:0_18:1,0.104441293665015,-0.15685664351577,#bfef45
129,PC O-,PC O-34:1|PC O-18:1_16:0,-0.036587051263048,-0.13683452059016,#bfef45
130,PE,PE 40:5|PE 18:0_22:5,0.0536251906779377,0.177946983363785,#4363d8
131,PE,PE 40:5|PE 18:1_22:4,-0.0115393077373618,0.1098726093566,#4363d8
132,PE,PE 40:5|PE 20:1_20:4,0.223842891624745,-0.0135899243005966,#4363d8
133,PC,PC 33:0|PC 16:0_17:0,-0.0308081914235068,0.0304459347649342,#f032e6
134,PC O-,PC O-34:0|PC O-18:0_16:0,-0.0950083041650807,-0.179478487905524,#bfef45
135,PG,PG 38:6|PG 16:0_22:6,-0.0346840857628656,0.00845476105387633,#42d4f4
136,PG,PG 38:6|PG 18:2_20:4,-0.164600472438075,-0.269565308066571,#42d4f4
137,PE,PE 39:5;O|PE 22:4_17:1;O,0.0253068668515652,-0.095305827884598,#4363d8
138,PE,PE 40:4|PE 18:0_22:4,0.0285044134605208,-0.00896976785214321,#4363d8
139,PE,PE 40:4|PE 18:0_22:4,-0.141780988886214,0.0181357013966483,#4363d8
140,PE,PE 40:4|PE 18:0_22:4,-0.485158111562583,-0.0344663945783559,#4363d8
141,PG,PG 38:5|PG 18:1_20:4,-0.0845144875744133,0.0445961645362516,#42d4f4
143,PG,PG 38:4|PG 18:0_20:4,-0.0807463937073933,0.00350431906590387,#42d4f4
144,PG,PG 38:4|PG 18:1_20:3,0.105901343165883,0.38055971425613,#42d4f4
145,PE,PE 40:2|PE 18:1_22:1,0.309061789496074,0.0642193875362906,#4363d8
146,PC,PC 34:3|PC 16:1_18:2,-0.0655527598177486,-0.0760183461962001,#f032e6
147,PE O-,PE O-42:8|PE O-20:2_22:6,-0.0515286087724682,0.0801218134783142,#e6beff
148,PE,PE 40:1|PE 22:0_18:1,0.00124290128424676,-0.253751830318159,#4363d8
149,HexCer,HexCer 38:1;O2,0.221577118250451,-0.139737837202393,#fabebe
151,PC,PC 34:2|PC 16:0_18:2,-0.0875932212761477,-0.0304108161036716,#f032e6
152,PE O-,PE O-42:7|PE O-18:1_24:6,-0.154126267724429,-0.0538463239784797,#e6beff
153,PE O-,PE O-42:7|PE O-20:1_22:6,-0.142000751660085,-0.028264825104074,#e6beff
154,SM,SM 38:1;O2,-0.133088844357218,-0.010671715854091,green
155,PE,PE 39:8;O2|PE 22:6_17:2;O2,0.0600553280338261,0.142954538800058,#4363d8
156,SHexCer,SHexCer 36:2;O2,0.0149678858211821,-0.0397389409603051,#469990
157,PC,PC 34:1|PC 16:0_18:1,-0.0653929449628734,0.0444305775914273,#f032e6
158,PE O-,PE O-42:6|PE O-18:1_24:5,-0.00676522593256834,0.0543071442448912,#e6beff
159,SHexCer,SHexCer 36:1;O2,0.116971238120815,-0.265772997510552,#469990
160,PC,PC 34:0|PC 16:0_18:0,-0.103663823731686,-0.0598326150830637,#f032e6
161,PE O-,PE O-42:5|PE O-18:1_24:4,-0.0708190701921332,-0.0341842022344352,#e6beff
162,PE,PE 42:10|PE 20:4_22:6,-0.08732451204299,-0.0704960799947045,#4363d8
163,PC O-,PC O-36:5|PC O-16:1_20:4,-0.0605385937397394,-0.0208041520283508,#bfef45
164,PE,PE 42:9|PE 20:3_22:6,-0.154975873413576,-0.16704964651807,#4363d8
165,PC,PC 35:4|PC 15:0_20:4,-0.0762161404651884,-0.0784098346282107,#f032e6
166,PC O-,PC O-36:4|PC O-16:0_20:4,-0.171831438286741,-0.221430718321944,#bfef45
167,PE,PE 42:8|PE 20:4_22:4,-0.0571183058992126,-0.0696664114348202,#4363d8
168,PC O-,PC O-36:3|PC O-18:2_18:1,0.22326681435549,-0.0792601262368109,#bfef45
169,PE,PE 41:1|PE 23:0_18:1,-0.0212786503401468,-0.0926292629464704,#4363d8
170,PE,PE 42:7|PE 20:1_22:6,-0.0894798268920773,0.118342711449746,#4363d8
171,PC,PC 35:2|PC 17:1_18:1,-0.153057181459477,-0.00939383765866353,#f032e6
172,PC O-,PC O-36:2|PC O-18:1_18:1,0.146996578883961,-0.134038811805588,#bfef45
173,PC O-,PC O-36:2|PC O-18:1_18:1,0.0805379143632905,-0.0415396447753267,#bfef45
174,PG,PG 40:8|PG 20:4_20:4,-0.145398281298068,-0.167455808805787,#42d4f4
175,PG,PG O-40:1|PG O-20:1_20:0,0.317656161078251,-0.127509749048166,#42d4f4
176,PC,PC 35:1|PC 17:0_18:1,0.0301109343608594,-0.0167665771587799,#f032e6
177,PC O-,PC O-36:1|PC O-18:0_18:1,0.0718821621156529,-0.235061682329597,#bfef45
179,PC,PC 35:0|PC 17:0_18:0,-0.10037501557898,-0.0504109717748875,#f032e6
180,SHexCer,SHexCer 36:1;O3,-0.124049073461709,-0.238549942492551,#469990
181,PE,PE 42:4|PE 18:0_24:4,-0.0659393227479583,0.00329806892339946,#4363d8
182,PC,PC 36:5|PC 16:1_20:4,-0.243468758358954,-0.0148433541395079,#f032e6
183,PC,PC 36:4|PC 16:0_20:4,-0.0962718881110867,0.031185990515926,#f032e6
184,PC,PC 36:4|PC 18:2_18:2,-0.00381286543420245,-0.136826941295897,#f032e6
185,PE,PE 42:2|PE 18:1_24:1,0.258200682124915,0.0488320091753707,#4363d8
186,PC,PC 36:3,0.0357610595449778,-0.13060647053733,#f032e6
187,PC,PC 36:3|PC 18:1_18:2,-0.202999035571899,0.00954131794986779,#f032e6
188,PE,PE 42:1|PE 24:0_18:1,0.022189013141162,-0.244080774110021,#4363d8
190,SM,SM 40:2;O2,0.46344964393775,0.0362622992037451,green
191,PC,PC 36:2|PC 18:1_18:1,0.0122850222902109,0.102905261000018,#f032e6
192,PC,PC 36:2|PC 18:0_18:2,0.00886313129126037,0.020621804837333,#f032e6
193,PC,PC 36:1|PC 18:0_18:1,-0.103507779342241,0.322798609925574,#f032e6
194,PC,PC 36:1|PC 18:0_18:1,0.0124889308985843,0.0188092574366898,#f032e6
195,PE,PE 44:12|PE 22:6_22:6,-0.14221172273681,-0.0203971311915403,#4363d8
196,PS,PS 40:6|PS 18:0_22:6,-0.237256753263239,-0.109038097869394,#9A6324
197,PS,PS 40:6|PS 18:0_22:6,-0.0245876456839511,0.0681084203468139,#9A6324
198,SHexCer,SHexCer 38:1;O2,0.210988723432848,-0.642792380645492,#469990
199,PE,PE 44:11|PE 22:5_22:6,0.118891435203221,0.216110394243259,#4363d8
200,PE,PE 44:11|PE 22:5_22:6,-0.287700816704103,-0.370735079994258,#4363d8
201,PC O-,PC O-38:6|PC O-16:0_22:6,-0.214489505343035,-0.11679273258834,#bfef45
202,PE,PE 40:6;O3|PE 22:6_18:0;O3,-0.0927892214369699,-0.0107500792772157,#4363d8
203,PS,PS 40:4|PS 18:0_22:4,0.257679932835419,0.272173165099829,#9A6324
204,PC O-,PC O-38:5|PC O-18:1_20:4,0.073686731170195,-0.171912409233101,#bfef45
205,PC O-,PC O-38:5|PC O-18:1_20:4,-0.0307798527064662,0.00977561975676267,#bfef45
206,PC O-,PC O-38:5|PC O-16:1_22:4,-0.0584795006121475,-0.096987218993398,#bfef45
207,PC,PC 37:4|PC 17:0_20:4,-0.0728326972462661,-0.0538053191270365,#f032e6
208,PC O-,PC O-38:4|PC O-18:0_20:4,-0.324003380882242,-0.185060806101745,#bfef45
209,PG,PG 42:10|PG 20:4_22:6,-0.117079108361988,-0.00701923732776777,#42d4f4
210,PI,PI O-36:4|PI O-16:0_20:4,-0.277025690149895,-0.225314939237204,#e6194B
211,PC O-,PC O-38:1|PC O-18:0_20:1,0.545884740210667,-0.0989961835294721,#bfef45
212,PC,PC 38:7|PC 16:1_22:6,-0.169946328547031,-0.0787388278113994,#f032e6
213,PC,PC 38:6|PC 16:0_22:6,-0.130923799401678,0.000173291008252363,#f032e6
214,PC,PC 38:5|PC 16:0_22:5,-0.311021358962982,-0.287470117275419,#f032e6
215,PC,PC 38:5|PC 18:1_20:4,-0.0352374279614125,-0.00184368018926406,#f032e6
216,PC,PC 38:5|PC 16:0_22:5,0.130455085707556,0.223224885725596,#f032e6
217,PC,PC 38:4|PC 18:0_20:4,-0.0822949821205157,-0.0123551383615137,#f032e6
218,SM,SM 42:3;O2,-0.065360027908536,0.0576480425411781,green
219,PS,PS 42:9,-0.234331931605862,0.034385151555405,#9A6324
220,PC,PC 37:4;O|PC 20:3_17:1;O,0.118831561018812,-0.0807593160361897,#f032e6
221,PC,PC 38:3|PC 18:0_20:3,-0.0506985959164226,-0.0750453170343519,#f032e6
222,PI,PI 36:4|PI 16:0_20:4,-0.177886545039378,0.0238246944759553,#e6194B
223,SM,SM 42:2;O2,0.222353121506302,0.097744523506794,green
224,PC,PC 38:2|PC 18:1_20:1,0.172439476619395,0.146841110078093,#f032e6
225,PC,PC 38:2|PC 18:0_20:2,0.159398054143178,0.0415350264154029,#f032e6
226,PC O-,PC O-40:8|PC O-18:2_22:6,0.259402677719159,0.240310375248086,#bfef45
227,PE,PE 46:12|PE 22:6_24:6,-0.122635462435447,-0.105777712741819,#4363d8
228,PC O-,PC O-40:7|PC O-18:1_22:6,-0.177406930763198,-0.0332219052064069,#bfef45
229,SHexCer,SHexCer 40:1;O2,0.314885340298673,-0.138793088978957,#469990
230,PC,PC 39:6|PC 17:0_22:6,-0.130540504399612,-0.0664843935987847,#f032e6
231,PG,PG 44:12|PG 22:6_22:6,-0.133254107693631,-0.00375569194788739,#42d4f4
232,PC O-,PC O-40:5|PC O-18:1_22:4,-0.0461745121876014,0.00684689682398343,#bfef45
233,PG,PG 44:11|PG 22:5_22:6,-0.638087222419809,-0.358278893024444,#42d4f4
234,PG,PG 44:11|PG 22:5_22:6,0.157834531842404,0.257106238504679,#42d4f4
235,PC,PC 39:4|PC 19:0_20:4,0.0506489745869487,0.152546226403043,#f032e6
236,PC O-,PC O-40:4|PC O-16:0_24:4,0.175887421784413,0.298716052054093,#bfef45
237,PG,PG 44:10|PG 22:5_22:5,0.428532353900565,0.5826907243274559,#42d4f4
238,PG,PG 44:10|PG 22:4_22:6,0.0418426710922049,-0.0376208028859644,#42d4f4
239,PI,PI O-38:5|PI O-18:1_20:4,-0.187314941370534,-0.255662564124911,#e6194B
240,PI,PI 37:4|PI 17:0_20:4,-0.22485243613184,-0.0382562908754558,#e6194B
241,PG,PG 44:9|PG 22:4_22:5,0.388137374446767,0.230460148905074,#42d4f4
242,PC,PC 40:8|PC 20:4_20:4,-0.0836664983241349,-0.0334553941539397,#f032e6
243,PC,PC 40:8|PC 18:2_22:6,-0.1839415911003,-0.197098989383871,#f032e6
244,SHexCer,SHexCer 41:2;O2,0.183662752470891,0.0286741485627786,#469990
245,SHexCer,SHexCer 41:2;O2,0.461448120211475,0.180024282158772,#469990
246,PC O-,PC O-40:1|PC O-16:0_24:1,-0.00821345654141226,-0.353335213887448,#bfef45
247,SM,SM 42:1;O2,-0.0991978046442874,0.177469900252131,green
248,PC,PC 40:7|PC 18:1_22:6,-0.12441228637331,0.0266914221407433,#f032e6
249,SHexCer,SHexCer 40:2;O3,0.0644493384570843,0.169856705312853,#469990
250,SHexCer,SHexCer 40:2;O3,0.198359819390056,-0.024014401341379,#469990
251,SHexCer,SHexCer 41:1;O2,0.263711009800542,-0.0371456635439529,#469990
252,PS,PS 44:12|PS 22:6_22:6,-0.329639156795807,-0.00884350101807385,#9A6324
253,PC,PC 40:6|PC 16:0_24:6,-0.0130577011730573,-0.0055184869153031,#f032e6
254,PC,PC 40:6|PC 18:0_22:6,-0.108233727540547,-0.0100806925740216,#f032e6
255,SHexCer,SHexCer 40:1;O3,0.104506097534813,-0.0390889340619047,#469990
256,PC,PC 40:5|PC 20:1_20:4,0.0643372945646483,0.0324642370853212,#f032e6
257,PC,PC 40:5|PC 18:0_22:5,0.21491127308067,0.209503860212479,#f032e6
258,PI,PI 38:6|PI 16:0_22:6,-0.211837988377564,0.00226647916584,#e6194B
259,PS,PS 44:10|PS 22:4_22:6,-0.487228424137182,-0.193653349217239,#9A6324
260,PC,PC 40:4|PC 18:0_22:4,-0.0430693715944663,-0.0233565086588214,#f032e6
261,PC,PC 40:4|PC 16:0_24:4,-0.0183706147156322,0.0408092269173359,#f032e6
262,PI,PI 38:5|PI 18:1_20:4,-0.164458553123168,-0.0158685441752979,#e6194B
263,PC,PC 40:3|PC 22:1_18:2,0.427090755289328,-0.00777388094702758,#f032e6
264,PI,PI 38:4|PI 18:0_20:4,-0.21125724375344,0.00449629133659712,#e6194B
265,SHexCer,SHexCer 42:3;O2,0.130071172873162,0.142396594396075,#469990
266,PC,PC 40:2|PC 18:1_22:1,0.319374219923219,0.0309842370734188,#f032e6
267,SHexCer,SHexCer 42:2;O2,0.0409441723628312,0.0270480892057741,#469990
268,SHexCer,SHexCer 42:2;O2,0.33829001125131,0.0866629998654176,#469990
269,SHexCer,SHexCer 42:2;O2,0.520850167355256,-0.110898496295697,#469990
270,PC,PC 40:1|PC 22:0_18:1,0.158159917298171,-0.0980670266471755,#f032e6
271,SHexCer,SHexCer 41:2;O3,0.282923679130828,0.372663496233788,#469990
272,SHexCer,SHexCer 42:1;O2,0.220822699780829,-0.104430044368456,#469990
273,SHexCer,SHexCer 42:0;O2,0.455605023005788,0.0712562597182718,#469990
274,PC,PC 42:10|PC 20:4_22:6,-0.148285258057751,-0.0609973535883341,#f032e6
275,PC O-,PC O-42:3|PC O-18:2_24:1,1.29687183087189,-0.0634630316216942,#bfef45
276,PC,PC 42:9|PC 20:4_22:5,0.628891833050368,-0.115792459962929,#f032e6
277,SHexCer,SHexCer 43:3;O2,0.370730687366304,0.184273961638961,#469990
278,PC,PC 41:2|PC 18:1_23:1,0.335595723904561,0.0543658424143807,#f032e6
279,PC,PC 42:8|PC 20:4_22:4,-0.0563289579539052,-0.215977366004424,#f032e6
280,SHexCer,SHexCer 42:3;O3,0.370894568022855,0.526272617247837,#469990
281,SHexCer,SHexCer 43:2;O2,0.283519372916469,0.0753431559653883,#469990
282,SHexCer,SHexCer 43:2;O2,0.187517004830873,0.105226836816453,#469990
283,PC,PC 41:1|PC 23:0_18:1,0.188627186116623,-0.0438206850132552,#f032e6
284,PC,PC 42:7|PC 20:1_22:6,-0.160526740476108,0.0955975532303306,#f032e6
285,SHexCer,SHexCer 42:2;O3,0.209214484453376,0.0581971906684657,#469990
286,SHexCer,SHexCer 43:1;O2,0.190226039402589,-0.0187596987765559,#469990
287,PI,PI 40:8|PI 20:4_20:4,-0.0996519012529404,-0.0589326511512809,#e6194B
288,SHexCer,SHexCer 42:1;O3,0.14828435443448,0.0482684985217894,#469990
289,PI,PI 40:7,-0.186088681341161,0.0218572931832313,#e6194B
290,PI,PI 40:6,-0.255442101323311,-0.0654192685396815,#e6194B
292,SHexCer,SHexCer 44:2;O2,0.158132500292119,-0.0678567360409232,#469990
293,SHexCer,SHexCer 44:2;O2,0.296453619591876,0.0311345278190167,#469990
294,PC,PC 42:1|PC 24:0_18:1,0.094424492191898,-0.142985866431637,#f032e6
295,SHexCer,SHexCer 43:2;O3,0.168105759526128,0.0898321779144808,#469990
296,SHexCer,SHexCer 44:1;O2,0.144652039700638,-0.107823790482943,#469990
297,SHexCer,SHexCer 43:1;O3,0.0946350650483261,0.117875232534203,#469990
298,PC,PC 44:12|PC 22:6_22:6,-0.138693199806827,-0.0510409765679114,#f032e6
299,PC,PC 44:11|PC 22:5_22:6,0.077153388727389,0.190234676999822,#f032e6
300,PC,PC 43:2,0.293399842596923,-0.0125119362715509,#f032e6
301,PC,PC 43:1|PC 25:0_18:1,0.0929617221634302,-0.0197420936827726,#f032e6
302,SHexCer,SHexCer 44:2;O3,0.199849596377874,0.0139551521413885,#469990
303,SHexCer,SHexCer 44:2;O3,0.111838386875093,0.200586033252893,#469990
304,PC,PC 44:5|PC 24:1_20:4,0.245519412852701,0.0939071576955861,#f032e6
305,PC,PC 44:4,0.116004403387691,-0.160803553136727,#f032e6
306,PC,PC 44:2|PC 18:1_26:1,0.203767935303713,0.011569522774785,#f032e6
307,PC,PC 44:1|PC 26:0_18:1,0.113534835779134,0.0317930558561343,#f032e6
308,PC,PC 45:4|PC 25:0_20:4,0.242808562411611,-0.0551646123177392,#f032e6
309,PC,PC 46:5|PC 26:1_20:4,0.643017048487927,-0.011577508071607,#f032e6
310,PC,PC 46:4,0.16711662533309,-0.166867463208575,#f032e6
311,PC,PC 46:2|PC 18:1_28:1,0.223531585751697,0.0878454626340641,#f032e6
312,PI,PI 42:10;O4|PI 20:4_22:6;O4,-0.153533273250314,0.160412191918063,#e6194B
315,PI,PI 44:12;O4|PI 22:6_22:6;O4,-0.197211294488952,-0.0188605133451247,#e6194B
316,PC,PC 50:4|PC 16:0_34:4,-0.114025778026498,0.191911406393196,#f032e6
317,PC,PC 52:5|PC 16:0_36:5,0.126042573472162,0.231098515416893,#f032e6
318,PC,PC 54:8|PC 20:4_34:4,0.0322041014228098,0.166811162717934,#f032e6
319,PC,PC 54:7|PC 18:1_36:6,-0.00379702239747814,0.146112565002024,#f032e6
320,PC,PC 54:6,-0.0694049215477399,0.175761046590932,#f032e6
321,PC,PC 54:5|PC 18:1_36:4,0.00643590617681511,0.201387551446931,#f032e6
323,PC,PC 56:10|PC 20:4_36:6,0.00978610065257968,0.048785854143663,#f032e6
324,PC,PC 56:9|PC 20:4_36:5,-0.0698963809201878,-0.066486723123873,#f032e6
325,PC,PC 56:8,0.0155290868532525,0.237844578678903,#f032e6
326,PC,PC 58:12|PC 22:6_36:6,-0.197089684113255,-0.000696382091554426,#f032e6
327,PC,PC 58:10|PC 20:4_38:6,-0.00299884405769291,0.21334145523333,#f032e6
328,PC,PC 60:12|PC 22:6_38:6,-0.136206736170511,0.130068607312946,#f032e6
329,PC,PC 60:10|PC 20:4_40:6,0.0213453681348597,0.266900594107423,#f032e6
331,CL,CL 72:8|CL 16:1_18:1_18:2_20:4,-0.585434640446476,-0.00584943404879823,#800000
332,CL,CL 74:11|CL 16:1_20:4_18:2_20:4,-0.214071613366446,0.274088465477405,#800000
333,CL,CL 74:10|CL 16:1_20:4_18:1_20:4,0.0784595256471263,0.0222062749335805,#800000
334,CL,CL 74:9|CL 18:1_18:2_18:2_20:4,0.062082665879327,0.353996470742835,#800000
335,CL,CL 76:12|CL 18:2_20:4_18:2_20:4,-0.0508057950100529,0.403713826093313,#800000
336,CL,CL 76:11|CL 18:1_20:4_18:2_20:4,-0.093421534960612,0.0579205571237047,#800000
337,CL,CL 78:14|CL 18:2_20:4_20:4_20:4,-0.0909234756519268,0.0301032764837359,#800000
338,CL,CL 78:13|CL 18:1_20:4_18:2_22:6,0.164395018267413,0.191397226098044,#800000
339,CL,CL 78:12|CL 18:1_20:4_18:1_22:6,-0.0375176619255235,0.0282500414683504,#800000
340,CL,CL 80:17|CL 38:7_42:10,-0.14774777099332,0.178827493730569,#800000
341,CL,CL 80:15|CL 18:1_22:6_18:2_22:6,0.169554706567133,0.0837055927351393,#800000
342,CL,CL 82:17|CL 18:1_22:6_20:4_22:6,-0.227585531224147,0.187980065734205,#800000
343,CL,CL 84:19|CL 18:1_22:6_22:6_22:6,0.0451221851088626,0.150326466905771,#800000
344,CL,CL 88:24|CL 22:6_22:6_22:6_22:6,0.0222526569290622,0.263040479467687,#800000
345,CAR,CAR 20:4,0.0379635885503511,-0.0664286332139348,#aaffc3
346,CAR,CAR 20:1,0.21019402751562,-0.0450127552542803,#aaffc3
348,LPC,LPC 16:0/0:0,0.0375300419744349,0.0706002123791869,#808000
349,LPC,LPC 16:0,-0.019157774479261,0.0250835329965433,#808000
350,LPC,LPC 18:1,0.0543325357404392,0.122738720604701,#808000
351,LPC,LPC 18:1/0:0,0.0954301336923038,0.106009321169896,#808000
352,LPC,LPC 18:0/0:0,0.111881254035652,0.0686153646782763,#808000
353,LPC,LPC 20:4,-0.0713430909750272,0.0561147358676557,#808000
354,Cer,Cer 36:2;O2|Cer 18:2;O2/18:0,-0.0421262401044125,0.0627034475853208,purple
355,Cer,Cer 36:1;O2|Cer 18:1;O2/18:0,-0.106278266735341,-0.105096267488292,purple
356,Cer,Cer 36:1;O2|Cer 18:1;O2/18:0,-0.177215437880005,0.217479094541677,purple
357,LPC,LPC 20:1/0:0,0.328848875828115,0.109136184192998,#808000
358,LPC,LPC 22:6,-0.0850403159859177,-0.00694672429374421,#808000
359,LPC,LPC 22:5,0.309836507601997,0.271803193607347,#808000
360,LPC,LPC 22:4,-0.0867716799901608,0.0579088908879513,#808000
361,Cer,Cer 38:1;O2|Cer 20:1;O2/18:0,-0.378364505574194,-0.188700118864684,purple
362,DG,DG 32:0|DG 16:0_16:0,0.000323035823758033,-0.0477963422662597,#000075
363,Cer,Cer 40:1;O2|Cer 18:1;O2/22:0,-0.22851458704536,-0.256768449104477,purple
364,LPC,LPC 24:0/0:0,0.452465167857934,-0.132712308395078,#808000
365,DG,DG 34:1|DG 16:0_18:1,0.0858647462350497,0.0899389403842967,#000075
366,Cer,Cer 42:3;O2|Cer 18:2;O2/24:1,0.127474510565222,0.107990842813642,purple
367,Cer,Cer 42:2;O2|Cer 18:1;O2/24:1,0.345574420227674,0.0895832328342649,purple
368,Cer,Cer 42:2;O2|Cer 18:1;O2/24:1,0.169760878926699,0.153396230172856,purple
369,Cer,Cer 42:2;O2|Cer 18:1;O2/24:1,0.291611940771762,-0.0362894744778721,purple
370,DG,DG 36:4|DG 16:0_20:4,0.00980216903093023,-0.0452912657234563,#000075
371,DG,DG 36:3|DG 16:0_20:3,0.243315609132406,0.00473669756491546,#000075
372,DG,DG 36:2|DG 18:1_18:1,0.1908147158269,-0.0357398142947041,#000075
373,DG,DG 36:1|DG 18:0_18:1,0.224899967688586,0.148136164460528,#000075
374,Cer,Cer 43:2;O2|Cer 18:1;O2/25:1,-0.0732685738188152,-0.122128186159895,purple
375,Cer,Cer 42:2;O3|Cer 18:1;O2/24:1;O,0.159496757497973,0.0625837549023132,purple
376,Cer,Cer 42:2;O3|Cer 18:1;O2/24:1;O,0.16752245950504,0.0108768940994146,purple
377,Cer,Cer 42:2;O3|Cer 18:2;O2/24:0;O,-0.0147318415790885,0.166768954409335,purple
378,Cer,Cer 42:1;O3|Cer 18:1;O2/24:0;O,-0.0320368901854948,-0.113706725138528,purple
379,DG,DG 38:6|DG 16:0_22:6,-0.0721516743143233,-0.112498585758566,#000075
380,DG,DG 38:5|DG 18:1_20:4,0.0544698829262522,0.0380641465601883,#000075
381,Cer,Cer 43:2;3O|Cer 13:0;O2/30:2;O,0.0542497872427603,0.198546078566274,purple
382,DG,DG 38:4|DG 16:0_22:4,0.0722447479884671,-0.0914841002636493,#000075
383,DG,DG 38:4|DG 18:0_20:4,-0.0403532572801062,-0.0118912724458369,#000075
384,DG,DG 38:1|DG 18:0_20:1,0.303244026476758,0.060627457365289,#000075
385,DG,DG 40:6|DG 18:0_22:6,-0.0384592852898287,-0.0939757606455593,#000075
386,DG,DG 40:4|DG 18:0_22:4,0.154590664994178,-0.0158258638569322,#000075
387,DG,DG 40:2|DG 18:1_22:1,0.71413605975944,0.248708459784186,#000075
388,DG,DG 40:1|DG 22:0_18:1,0.181557479388175,0.342255601513028,#000075
389,PC,PC 30:1,-0.149851096830371,0.0666956562240273,#f032e6
390,DG,DG 41:1|DG 23:0_18:1,0.151086202018657,0.413726187919131,#000075
392,PC O-,PC O-32:0,-0.105304664704956,-0.125574273372067,#bfef45
393,DG,DG 42:2|DG 18:1_24:1,0.392943222071899,0.407356078467814,#000075
394,DG,DG 42:1|DG 24:0_18:1,0.150394286021601,0.384455554092131,#000075
395,HexCer,HexCer 36:1;O2|HexCer 18:1;O2/18:0,0.260836985514018,-0.256587103069041,#fabebe
396,DG,DG 44:12|DG 22:6_22:6,-0.760297817915024,-0.333650574418193,#000075
398,PC O-,PC O-34:2,-0.344686826453334,-0.203741717664439,#bfef45
399,PC O-,PC O-35:8,-0.0728290619258658,0.0381890687502455,#bfef45
400,SM,SM 38:2;O2,-0.0800222667582347,0.0452380649624722,green
401,PC O-,PC O-35:2,0.18650248892008,-0.142566422911386,#bfef45
403,PE O-,PE O-39:4,0.0897581229493412,-0.180586053610401,#e6beff
404,PC O-,PC O-37:10,-0.161876595741763,0.00509997232574477,#bfef45
405,PC O-,PC O-37:9,-0.053539445172472,0.111336162879009,#bfef45
406,PC O-,PC O-37:9,-0.142322575496969,0.0392858763663604,#bfef45
407,PC O-,PC O-37:8,-0.196078262039489,-0.0467117133386203,#bfef45
408,PC O-,PC O-37:8,-0.109430264008925,-0.0826132443086713,#bfef45
409,HexCer,HexCer 40:2;O2|HexCer 18:1;O2/22:1,-0.198786040130244,-0.0541390722157082,#fabebe
410,HexCer,HexCer 40:2;O2|HexCer 18:2;O2/22:0,-0.00604979684063522,-0.105457723759447,#fabebe
411,PC O-,PC O-38:10,-0.0769725181702761,-0.0512943551613461,#bfef45
412,PC O-,PC O-38:8,-0.203978115747681,-0.0639280481279414,#bfef45
413,PC,PC 37:7,-0.0813394462449608,-0.0472098732734736,#f032e6
414,PC O-,PC O-38:7,-0.134917957414064,-0.232625763524563,#bfef45
415,PC O-,PC O-38:7,-0.110098746214376,-0.0854112202282025,#bfef45
416,PC,PC 36:0,0.0475110143569992,-0.182014594581858,#f032e6
418,PC O-,PC O-39:10,-0.236752625868832,-0.356355263985954,#bfef45
419,PE O-,PE O-42:10,-0.233536840488682,-0.0392305056855484,#e6beff
420,SM,SM 41:2;O2,0.216408876949547,0.0674473700812506,green
421,PC O-,PC O-39:9,0.367302659095046,0.0261877884717592,#bfef45
422,PC O-,PC O-39:9,0.00710002505655893,-0.182434382918654,#bfef45
423,PC O-,PC O-39:9,-0.0692419404908584,0.0350949966499385,#bfef45
424,PC O-,PC O-38:2,0.836734784515592,-0.0744509896253689,#bfef45
425,PC O-,PC O-39:8,0.177350114546922,-0.0859300413001058,#bfef45
426,PC O-,PC O-39:8|PC O-18:4_21:4,-0.166774087128033,-0.0705157950617412,#bfef45
427,PE,PE 41:6,-0.0792144233139638,0.0236365115223087,#4363d8
428,HexCer,HexCer 42:3;O2|HexCer 18:1;O2/24:2,0.134645163613612,0.0850928047232138,#fabebe
429,HexCer,HexCer 42:3;O2|HexCer 18:2;O2/24:1,-0.0414341381232148,0.18339489764271,#fabebe
430,HexCer,HexCer 42:3;O2|HexCer 18:1;O2/24:2,0.144267649653859,0.0793059386182122,#fabebe
431,HexCer,HexCer 42:2;O2|HexCer 18:1;O2/24:1,0.0399758356507611,-0.0698849536178336,#fabebe
432,HexCer,HexCer 42:2;O2|HexCer 18:1;O2/24:1,-0.462725332613346,0.0129159991949628,#fabebe
433,HexCer,HexCer 42:2;O2|HexCer 18:1;O2/24:1,0.327957679017874,0.0881387781509773,#fabebe
434,HexCer,HexCer 42:2;O2|HexCer 18:1;O2/24:1,0.311655128346157,-0.02247981656026,#fabebe
435,PC,PC 39:10,-0.131175114918861,0.0307563135918052,#f032e6
436,HexCer,HexCer 41:2;O3,0.0779464560258347,0.20854365454657,#fabebe
437,HexCer,HexCer 42:1;O2|HexCer 18:1;O2/24:0,0.184630199252158,-0.200391997911552,#fabebe
438,PC,PC 39:9,-0.151624193380375,0.00467272525257911,#f032e6
439,PC,PC 38:1,0.201144602891471,-0.0783977258439421,#f032e6
440,PC,PC 38:1,0.167696376151568,-0.0427603819673763,#f032e6
441,PC O-,PC O-40:6,-0.181628467085552,-0.14237722437904,#bfef45
442,PC O-,PC O-40:6,0.0462441255278954,0.197386720052339,#bfef45
443,PC O-,PC O-41:11,-0.392626503218203,0.329417942685968,#bfef45
444,PC O-,PC O-41:11,-0.125820440867738,0.0620845768067362,#bfef45
445,HexCer,HexCer 43:2;O2|HexCer 18:1;O2/25:1,-0.609593111014558,0.0602624239989566,#fabebe
446,HexCer,HexCer 42:2;O3|HexCer 18:1;O2/24:1;O,0.164587504637151,0.081426540305344,#fabebe
447,PC O-,PC O-41:6,0.00961687090276087,0.266306694060113,#bfef45
448,PC,PC 41:11,-0.0411439147672397,0.176328800690708,#f032e6
449,PC,PC 41:10,-0.222226351565617,-0.00485642298122713,#f032e6
450,PE,PE 44:10,-0.135466356987479,-0.0865732174590867,#4363d8
451,PC O-,PC O-42:7,0.109602152065111,0.317842334222387,#bfef45
452,PC O-,PC O-42:6,0.176023495688156,0.0458572943387807,#bfef45
456,PC,PC 42:5,0.168439250812366,-0.0327632717552504,#f032e6
457,PC,PC 42:5,-0.0333228810740991,-0.0408662462765434,#f032e6
458,PC,PC 42:4,0.00146899801017852,-0.056149531797594,#f032e6
459,PC,PC 42:3,0.543698484460322,-0.0415341184580669,#f032e6
460,PC,PC 42:2,0.277615331047372,0.0347193747431511,#f032e6
461,TG,TG 52:5|TG 16:0_18:2_18:3,-0.0934843672533532,0.299526137554118,orange
462,PC,PC 43:5,0.212268459574929,0.0842478630745376,#f032e6
465,PC,PC 44:8,0.0555279541013043,-0.134892369521715,#f032e6
467,TG,TG 54:6|TG 16:0_16:0_22:6,-0.0544730459088818,0.0940559599535824,orange
468,PC O-,PC O-47:10,-0.0490825401562454,-0.336040301896034,#bfef45
469,SHexCer,SHexCer 43:4;3O|SHexCer 15:1;O2/28:3;O,0.105545854900498,-0.0809035779414948,#469990
470,TG,TG 56:8|TG 16:0_18:2_22:6,0.0978506053877126,0.179846353970976,orange
471,TG,TG 56:7|TG 16:0_18:1_22:6,-0.0927353635577894,0.135233514284938,orange
472,TG,TG 56:6|TG 16:0_18:0_22:6,-0.109545640944724,0.096294704811136,orange
473,TG,TG 56:5|TG 16:0_18:1_22:4,-0.0920086410084657,0.0870551160653505,orange
474,TG,TG 58:9|TG 18:1_20:3_20:5,-0.0565294088184878,0.206366950079602,orange
475,TG,TG 58:8|TG 18:1_18:1_22:6,0.187156334666199,0.145839632283831,orange
476,TG,TG 58:6|TG 18:0_18:0_22:6,-0.0989309412742756,0.0225827790565809,orange
477,TG,TG 60:12|TG 16:0_22:6_22:6,-0.0581120337567178,0.184075639198767,orange
478,TG,TG O-61:12|TG O-17:0_22:6_22:6,0.00468233577232979,0.169081194258734,orange
479,TG,TG 62:13|TG 18:1_22:6_22:6,-0.0252369144848679,0.233101401141766,orange
480,TG,TG 62:12|TG 18:0_22:6_22:6,-0.0869523343405945,0.182070582847498,orange
481,PC,PC 52:4,-0.186308393825275,0.250610391489715,#f032e6
482,PC,PC 56:6,-0.250420398322987,0.301618739489971,#f032e6
483,PC,PC 58:11,-0.191342676652706,-0.101496262296269,#f032e6
484,PC,PC 58:9,0.128760020359241,0.601211121181141,#f032e6
485,PC,PC 62:12,0.0581455133163651,0.233682511862835,#f032e6
488,ST,ST 27:2;O,0.287399724585271,0.0248519250497878,black
489,ST,ST 27:1;O,0.068931282585158,0.0608249249537813,black
490,CAR,CAR 14:0,-0.0291885271060579,-0.231538796524653,#aaffc3
491,ST,ST 29:2;O,0.0500456577661375,-0.118317342183591,black
492,CAR,CAR 16:1,-0.0425363542681545,-0.14174969722913,#aaffc3
493,CAR,CAR 16:0,0.0389220883941306,-0.0989624553978068,#aaffc3
495,CAR,CAR 18:2,-0.104334077892844,-0.395648053669984,#aaffc3
496,CAR,CAR 18:1,0.129047232906228,-0.0725161338629619,#aaffc3
497,CAR,CAR 18:0,-0.0670484861793668,-0.237665420350005,#aaffc3
