,feature 1,feature 2,group
1,119806.0,14684.0,age >90
2,115999.0,17166.0,age >90
3,113374.0,14224.0,age >90
4,150585.0,13187.0,age >90
5,402859.0,15701.0,age >90
6,65719.0,12874.0,age >90
7,165717.0,13076.0,age >90
8,81728.0,8893.0,age >90
9,988378.0,8797.0,age >90
10,400965.0,15210.0,age >90
11,125449.0,10394.0,age >90
12,100726.0,9873.0,age >90
13,90418.0,10587.0,age >90
14,415922.0,8691.0,age >90
15,760926.0,10303.0,age >90
16,214268.0,5981.0,age >90
17,352044.0,18776.0,age >90
18,99755.0,8931.0,age >90
19,777094.0,9136.0,age >90
20,65728.0,21206.0,age >90
21,174869.0,5930.0,age >90
22,346021.0,1590.0,age >90
23,175152.0,5650.0,age >90
24,445597.0,9742.0,age >90
25,252634.0,17885.0,age >90
26,516308.0,9120.0,age >90
27,218284.0,12177.0,age >90
28,214078.0,11315.0,age >90
29,262582.0,12813.0,age >90
30,842569.0,8059.0,age >90
31,120956.0,19388.0,age >90
32,53318.0,22062.0,age >90
33,886495.0,9170.0,age >90
34,280425.0,17567.0,age >90
35,18122.0,6310.0,age >90
36,1365054.0,6539.0,age >90
37,822855.0,6529.0,age >90
38,110407.0,10040.0,age >90
39,288307.0,12379.0,age >90
40,337934.0,8027.0,age >90
41,211494.0,8664.0,age >90
42,431270.0,9868.0,age >90
43,46471.0,8536.0,age >90
44,66894.0,9820.0,age >90
45,130065.0,11527.0,age >90
46,1165794.0,9583.0,age >90
47,262282.0,5424.0,age >90
48,105986.0,8359.0,age >90
49,238502.0,9091.0,age >90
50,591733.0,7685.0,age >90
51,1159984.0,15388.0,age >90
52,123232.0,8614.0,age >90
53,2439759.0,1604.0,age >90
54,284583.0,10364.0,age >90
55,101742.0,14462.0,age >90
56,228072.0,14723.0,age >90
57,2434774.0,14966.0,age >90
58,466013.0,6107.0,age >90
59,84954.0,9283.0,age >90
60,223191.0,9736.0,age >90
61,132271.0,15708.0,age >90
62,136827.0,11057.0,age >90
63,88743.0,17067.0,age >90
64,95602.0,11534.0,age >90
65,138689.0,8888.0,age >90
66,149538.0,6005.0,age >90
67,312699.0,9368.0,age >90
68,213549.0,11208.0,age >90
69,404821.0,10161.0,age >90
70,231802.0,13989.0,age >90
71,95811.0,6638.0,age >90
72,1784985.0,7448.0,age >90
73,67444.0,10929.0,age >90
74,147498.0,10106.0,age >90
75,461575.0,7822.0,age >90
76,513364.0,7460.0,age >90
77,106153.0,11097.0,age >90
78,188392.0,4145.0,age >90
79,324820.0,19134.0,age >90
80,270165.0,14619.0,age >90
81,171248.0,10754.0,age >90
82,195369.0,14949.0,age >90
83,406011.0,8580.0,age >90
84,435086.0,5843.0,age >90
85,578712.0,6650.0,age >90
86,101805.0,10907.0,age >90
87,138676.0,9147.0,age >90
88,98625.0,12028.0,age >90
89,87114.0,7505.0,age >90
90,307005.0,6592.0,age >90
91,96844.0,16355.0,age >90
92,210503.0,6858.0,age >90
93,95137.0,11583.0,age >90
94,136704.0,20071.0,age >90
95,297075.0,10346.0,age >90
96,279538.0,14978.0,age >90
97,134719.0,16728.0,age >90
98,169935.0,17681.0,age >90
99,235423.0,5558.0,age >90
100,471875.0,19559.0,age >90
101,166888.0,17933.0,age >90
102,322247.0,12290.0,age >90
103,122082.0,10640.0,age >90
104,486978.0,14842.0,age >90
105,215329.0,12109.0,age >90
106,262962.0,10595.0,age >90
107,195695.0,5694.0,age >90
108,197981.0,10313.0,age >90
109,474944.0,9460.0,age >90
110,578978.0,7867.0,age >90
111,88236.0,10429.0,age >90
112,82004.0,15316.0,age >90
113,162913.0,11537.0,age >90
114,219027.0,9101.0,age >90
115,158224.0,9192.0,age >90
116,129482.0,15778.0,age >90
117,358764.0,15172.0,age >90
118,98339.0,19600.0,age >90
119,301193.0,7909.0,age >90
120,468288.0,9186.0,age >90
121,392119.0,15991.0,age >90
122,444832.0,16802.0,age >90
123,64029.0,11450.0,age >90
124,504917.0,8912.0,age >90
125,216961.0,9816.0,age >90
126,230982.0,13599.0,age >90
127,262116.0,13527.0,age >90
128,588510.0,11136.0,age >90
129,35369.0,12698.0,age >90
130,243175.0,7803.0,age >90
131,161582.0,5729.0,age >90
132,85533.0,9831.0,age >90
133,34291.0,11757.0,age >90
134,274781.0,11095.0,age >90
135,130986.0,17309.0,age >90
136,272994.0,13364.0,age >90
137,325892.0,12774.0,age >90
138,182606.0,18050.0,age >90
139,164536.0,10011.0,age >90
140,118353.0,12146.0,age >90
141,105431.0,13556.0,age >90
142,81468.0,11791.0,age >90
143,242968.0,10383.0,age >90
144,755362.0,16430.0,age >90
145,142458.0,10468.0,age >90
146,142599.0,8875.0,age >90
147,93595.0,19661.0,age >90
148,799136.0,8598.0,age >90
149,528034.0,22823.0,age >90
150,613283.0,8568.0,age >90
151,47119.0,13522.0,age >90
152,500631.0,10500.0,age >90
153,391746.0,16735.0,age >90
154,263116.0,10305.0,age >90
155,895654.0,9273.0,age >90
156,396864.0,16155.0,age >90
157,62553.0,15191.0,age >90
158,422725.0,8214.0,age >90
159,71754.0,11816.0,age >90
160,95166.0,19853.0,age >90
161,111359.0,13884.0,age >90
162,1012984.0,11457.0,age >90
163,969809.0,13279.0,age >90
164,77873.0,10306.0,age >90
165,102080.0,14277.0,age >90
166,342971.0,20248.0,age >90
167,151755.0,14627.0,age >90
168,424793.0,12055.0,age >90
169,65611.0,15442.0,age >90
170,227005.0,10989.0,age >90
171,28428.0,8577.0,age >90
172,168036.0,4630.0,age >90
173,154745.0,8596.0,age >90
174,451301.0,8801.0,age >90
175,258680.0,23841.0,age >90
176,151611.0,23461.0,age >90
177,411269.0,11185.0,age >90
178,474532.0,11470.0,age >90
179,249755.0,17420.0,age >90
180,470870.0,6972.0,age >90
181,242346.0,6957.0,age >90
182,485994.0,9445.0,age >90
183,147582.0,14241.0,age >90
184,665670.0,6071.0,age >90
185,257310.0,11027.0,age >90
186,331298.0,8386.0,age >90
187,131812.0,16583.0,age >90
188,1007039.0,14126.0,age >90
189,290755.0,16925.0,age >90
190,142627.0,6791.0,age >90
191,930054.0,5006.0,age >90
192,81747.0,10978.0,age >90
193,172115.0,13405.0,age >90
194,286394.0,12823.0,age >90
195,121335.0,17876.0,age >90
196,280988.0,18565.0,age >90
197,46614.0,10172.0,age >90
198,106096.0,14236.0,age >90
199,37801.0,15825.0,age >90
200,536052.0,21966.0,age >90
201,2621598.0,6659.0,age >90
202,1172222.0,8842.0,age >90
203,254644.0,8434.0,age >90
204,81010.0,10491.0,age >90
205,208068.0,21721.0,age >90
206,174364.0,13903.0,age >90
207,85184.0,12827.0,age >90
208,573006.0,8064.0,age >90
209,317513.0,21510.0,age >90
210,480548.0,11263.0,age >90
211,462728.0,8487.0,age >90
212,67406.0,21678.0,age >90
213,353559.0,13893.0,age >90
214,41358.0,12633.0,age >90
215,186202.0,21921.0,age >90
216,170472.0,19538.0,age >90
217,99936.0,11495.0,age >90
218,1005747.0,8221.0,age >90
219,149412.0,6893.0,age >90
220,341978.0,11406.0,age >90
221,526484.0,7359.0,age >90
222,60000.0,19995.0,age >90
223,285681.0,16169.0,age >90
224,392197.0,14385.0,age >90
225,213134.0,10919.0,age >90
226,138709.0,15482.0,age >90
227,202582.0,11190.0,age >90
228,444414.0,19339.0,age >90
229,117372.0,17513.0,age >90
230,78642.0,15101.0,age >90
231,135454.0,8958.0,age >90
232,674186.0,9217.0,age >90
233,645029.0,10029.0,age >90
234,314693.0,8736.0,age >90
235,421957.0,11793.0,age >90
236,46385.0,16268.0,age >90
237,815248.0,7185.0,age >90
238,507174.0,8598.0,age >90
239,299157.0,9600.0,age >90
240,575193.0,14974.0,age >90
241,220004.0,8095.0,age >90
242,532046.0,9581.0,age >90
243,218811.0,17891.0,age >90
244,208707.0,10301.0,age >90
245,1379397.0,11399.0,age >90
246,318628.0,13028.0,age >90
247,691928.0,7917.0,age >90
248,903159.0,7645.0,age >90
249,1009623.0,6401.0,age >90
250,143345.0,15097.0,age >90
251,231123.0,12769.0,age >90
252,466231.0,7907.0,age >90
253,143930.0,7368.0,age >90
254,450261.0,15158.0,age >90
255,334543.0,11433.0,age >90
256,319680.0,10629.0,age >90
257,154758.0,14715.0,age >90
258,97116.0,11487.0,age >90
259,108180.0,12085.0,age >90
260,470314.0,11365.0,age >90
261,241670.0,15116.0,age >90
262,161834.0,12276.0,age >90
263,248852.0,6597.0,age >90
264,15457.0,6375.0,age >90
265,166481.0,8954.0,age >90
266,195200.0,20476.0,age >90
267,497575.0,14316.0,age >90
268,237393.0,4639.0,age >90
269,323462.0,8757.0,age >90
270,120807.0,12239.0,age >90
271,636800.0,8411.0,age >90
272,38766.0,6538.0,age >90
273,226324.0,17122.0,age >90
274,95814.0,6563.0,age >90
275,1406591.0,7529.0,age >90
276,55296.0,10259.0,age >90
277,189927.0,9686.0,age >90
278,361193.0,5380.0,age >90
279,362175.0,11851.0,age >90
280,579736.0,12427.0,age >90
281,262510.0,12449.0,age >90
282,239564.0,13819.0,age >90
283,146459.0,13006.0,age >90
284,97868.0,13403.0,age >90
285,258414.0,8332.0,age >90
286,309017.0,8231.0,age >90
287,490518.0,10206.0,age >90
288,368142.0,11785.0,age >90
289,260437.0,8487.0,age >90
290,462384.0,12621.0,age >90
291,71653.0,9907.0,age >90
292,246864.0,11236.0,age >90
293,797457.0,9833.0,age >90
294,185704.0,8459.0,age >90
295,160209.0,9804.0,age >90
296,540970.0,14342.0,age >90
297,141894.0,12782.0,age >90
298,235373.0,19906.0,age >90
299,314283.0,10701.0,age >90
300,201454.0,19606.0,age >90
301,57968.0,13268.0,age >90
302,60270.0,18174.0,age >90
303,166740.0,9709.0,age >90
304,171581.0,9703.0,age >90
305,143767.0,14024.0,age >90
306,69071.0,17247.0,age >90
307,305923.0,10417.0,age >90
308,337043.0,9878.0,age >90
309,349521.0,10868.0,age >90
310,417907.0,12606.0,age >90
311,168465.0,6296.0,age >90
312,22242.0,16047.0,age >90
313,214086.0,21846.0,age >90
314,152019.0,13334.0,age >90
315,114614.0,26107.0,age >90
316,107305.0,11840.0,age >90
317,60747.0,8346.0,age >90
318,189811.0,14919.0,age >90
319,94624.0,9139.0,age >90
320,146367.0,11755.0,age >90
321,199218.0,28977.0,age >90
322,863527.0,9223.0,age >90
323,96248.0,20502.0,age >90
324,265920.0,9996.0,age >90
325,349140.0,8195.0,age >90
326,138511.0,12005.0,age >90
327,193016.0,11204.0,age >90
328,626013.0,7194.0,age >90
329,461572.0,9587.0,age >90
330,206030.0,13403.0,age >90
331,88154.0,8341.0,age >90
332,172477.0,5942.0,age >90
333,127610.0,8411.0,age >90
334,81820.0,14244.0,age >90
335,127422.0,18721.0,age >90
336,100634.0,17727.0,age >90
337,406539.0,13530.0,age >90
338,141540.0,13904.0,age >90
339,61022.0,13128.0,age >90
340,59575.0,17198.0,age >90
341,122775.0,24718.0,age >90
342,765798.0,22086.0,age >90
343,1683078.0,10788.0,age >90
344,989690.0,10157.0,age >90
345,828302.0,8640.0,age >90
346,478831.0,10059.0,age >90
347,173580.0,7827.0,age >90
348,652275.0,9040.0,age >90
349,196556.0,20561.0,age >90
350,161036.0,16784.0,age >90
351,64203.0,7357.0,age >90
352,69466.0,17055.0,age >90
353,136873.0,13928.0,age >90
354,76282.0,20701.0,age >90
355,238826.0,15636.0,age >90
356,97610.0,15150.0,age >90
357,1518501.0,6330.0,age >90
358,115881.0,13526.0,age >90
359,551711.0,9515.0,age >90
360,439609.0,9537.0,age >90
361,146737.0,17168.0,age >90
362,128300.0,10353.0,age >90
363,52240.0,9926.0,age >90
364,224394.0,11698.0,age >90
365,126539.0,22007.0,age >90
366,218131.0,7245.0,age >90
367,343077.0,10205.0,age >90
368,287082.0,11244.0,age >90
369,135043.0,10944.0,age >90
370,3110277.0,17304.0,age >90
371,88478.0,11869.0,age >90
372,234960.0,8309.0,age >90
373,90473.0,6398.0,age >90
374,214123.0,16237.0,age >90
375,225468.0,15234.0,age >90
376,79672.0,8045.0,age >90
377,272939.0,19656.0,age >90
378,372813.0,22310.0,age >90
379,517050.0,11587.0,age >90
380,45486.0,10988.0,age >90
381,408086.0,9384.0,age >90
382,871356.0,5332.0,age >90
383,264429.0,15203.0,age >90
384,81662.0,14484.0,age >90
385,359713.0,7502.0,age >90
386,128186.0,11801.0,age >90
387,402288.0,15670.0,age >90
388,85101.0,12202.0,age >90
389,181927.0,16459.0,age >90
390,364513.0,13019.0,age >90
391,51233.0,18644.0,age >90
392,616690.0,9270.0,age >90
393,205326.0,6650.0,age >90
394,226200.0,10434.0,age >90
395,272702.0,11487.0,age >90
396,302803.0,4952.0,age >90
397,149358.0,6830.0,age >90
398,179656.0,13258.0,age >90
399,4422205.0,9062.0,age >90
400,1227246.0,12285.0,age >90
401,138573.0,16057.0,age >90
402,1007484.0,14068.0,age >90
403,74669.0,4098.0,age >90
404,446161.0,14581.0,age >90
405,175638.0,11456.0,age >90
406,534889.0,13433.0,age >90
407,56732.0,8235.0,age >90
408,324311.0,8874.0,age >90
409,92278.0,14449.0,age >90
410,933967.0,7271.0,age >90
411,262787.0,10866.0,age >90
412,101241.0,10179.0,age >90
413,72073.0,16641.0,age >90
414,216630.0,8933.0,age >90
415,1228887.0,8076.0,age >90
416,82623.0,12451.0,age >90
417,247107.0,10025.0,age >90
418,283297.0,23439.0,age >90
419,198311.0,13706.0,age >90
420,79766.0,7664.0,age >90
421,512023.0,14119.0,age >90
422,105722.0,22789.0,age >90
423,81959.0,12808.0,age >90
424,133423.0,12641.0,age >90
425,1202639.0,8239.0,age >90
426,275309.0,23964.0,age >90
427,514743.0,7331.0,age >90
428,894230.0,9502.0,age >90
429,155119.0,11567.0,age >90
430,265401.0,6240.0,age >90
431,91770.0,30222.0,age >90
432,268571.0,12733.0,age >90
433,107841.0,13245.0,age >90
434,44954.0,10983.0,age >90
435,1154735.0,15701.0,age >90
436,266865.0,10557.0,age >90
437,560086.0,15417.0,age >90
438,461198.0,11524.0,age >90
439,337550.0,17731.0,age >90
440,226812.0,16383.0,age >90
441,82337.0,17960.0,age >90
442,100208.0,17419.0,age >90
443,381641.0,10273.0,age >90
444,124037.0,21801.0,age >90
445,137256.0,14049.0,age >90
446,264487.0,15037.0,age >90
447,219293.0,17005.0,age >90
448,191660.0,9312.0,age >90
449,723616.0,11027.0,age >90
450,122148.0,13119.0,age >90
451,820856.0,20006.0,age >90
452,592037.0,11656.0,age >90
453,163053.0,22691.0,age >90
454,46799.0,16798.0,age >90
455,152490.0,15277.0,age >90
456,78702.0,11188.0,age >90
457,718777.0,16012.0,age >90
458,878171.0,17941.0,age >90
459,121007.0,6966.0,age >90
460,1532364.0,12819.0,age >90
461,65256.0,13772.0,age >90
462,441835.0,8291.0,age >90
463,77314.0,5210.0,age >90
464,261590.0,13535.0,age >90
465,78911.0,9285.0,age >90
466,81541.0,9750.0,age >90
467,315946.0,7883.0,age >90
468,120224.0,17805.0,age >90
469,264927.0,13177.0,age >90
470,287375.0,15831.0,age >90
471,356756.0,12204.0,age >90
472,412203.0,17841.0,age >90
473,155880.0,7354.0,age >90
474,117483.0,12906.0,age >90
475,609981.0,15080.0,age >90
476,120978.0,9648.0,age >90
477,109172.0,12107.0,age >90
478,124929.0,8334.0,age >90
479,551346.0,16455.0,age >90
480,30481.0,32575.0,age >90
481,234788.0,21662.0,age >90
482,159030.0,17968.0,age >90
483,395286.0,21012.0,age >90
484,373488.0,13220.0,age >90
485,513573.0,17608.0,age >90
486,244829.0,20045.0,age >90
487,71030.0,11235.0,age >90
488,811524.0,15890.0,age >90
489,439514.0,9055.0,age >90
490,2063264.0,6412.0,age >90
491,143461.0,14216.0,age >90
492,117789.0,18999.0,age >90
493,1731982.0,9820.0,age >90
494,281264.0,15687.0,age >90
495,219466.0,17565.0,age >90
496,288164.0,20536.0,age >90
497,467073.0,13278.0,age >90
498,65178.0,14510.0,age >90
499,109915.0,39738.0,age >90
500,293482.0,20134.0,age >90
501,482868.0,19913.0,age >90
502,233727.0,14555.0,age >90
503,165994.0,13329.0,age >90
504,612112.0,11919.0,age >90
505,236359.0,8933.0,age >90
506,163660.0,6505.0,age >90
507,192160.0,8995.0,age >90
508,342916.0,12441.0,age >90
509,255555.0,14839.0,age >90
510,1411264.0,7268.0,age >90
511,166969.0,13101.0,age >90
512,137569.0,18408.0,age >90
513,141100.0,23490.0,age >90
514,671122.0,12887.0,age >90
515,205547.0,21156.0,age >90
516,858343.0,8191.0,age >90
517,135321.0,13861.0,age >90
518,95410.0,14481.0,age >90
519,300414.0,6356.0,age >90
520,90900.0,20161.0,age >90
521,168995.0,14812.0,age >90
522,86310.0,19461.0,age >90
523,246340.0,11114.0,age >90
524,647475.0,14499.0,age >90
525,245740.0,19511.0,age >90
526,73295.0,14983.0,age >90
527,422667.0,19766.0,age >90
528,879410.0,15382.0,age >90
529,639446.0,11989.0,age >90
530,129789.0,11645.0,age >90
531,56956.0,10895.0,age >90
532,61389.0,10527.0,age >90
533,1380949.0,17663.0,age >90
534,107045.0,15164.0,age >90
535,103280.0,19163.0,age >90
536,169432.0,17704.0,age >90
537,166528.0,33245.0,age >90
538,135035.0,6897.0,age >90
539,718374.0,17480.0,age >90
540,387975.0,19328.0,age >90
541,811203.0,9604.0,age >90
542,219442.0,23868.0,age >90
543,1077591.0,11135.0,age >90
544,755296.0,9292.0,age >90
545,114185.0,12626.0,age >90
546,117400.0,10020.0,age >90
547,130903.0,15073.0,age >90
548,111875.0,12532.0,age >90
549,868233.0,6938.0,age >90
550,230958.0,17485.0,age >90
551,82885.0,12323.0,age >90
552,132917.0,24484.0,age >90
553,609961.0,9868.0,age >90
554,616030.0,11135.0,age >90
555,245070.0,17382.0,age >90
556,583141.0,17812.0,age >90
557,662149.0,12623.0,age >90
558,259519.0,11508.0,age >90
559,329592.0,9875.0,age >90
560,327776.0,20173.0,age >90
561,99968.0,14484.0,age >90
562,126609.0,10981.0,age >90
563,710547.0,10199.0,age >90
564,211670.0,16359.0,age >90
565,313746.0,9520.0,age >90
566,136875.0,13883.0,age >90
567,2632477.0,11994.0,age >90
568,881949.0,4696.0,age >90
569,258236.0,7189.0,age >90
570,210722.0,16108.0,age >90
571,171109.0,7523.0,age >90
572,192924.0,13167.0,age >90
573,849158.0,11189.0,age >90
574,128218.0,14815.0,age >90
575,847632.0,9307.0,age >90
576,170245.0,14826.0,age >90
577,385676.0,8654.0,age >90
578,128269.0,11310.0,age >90
579,64571.0,25461.0,age >90
580,103580.0,25592.0,age >90
581,374114.0,12361.0,age >90
582,328262.0,12446.0,age >90
583,239802.0,14150.0,age >90
584,161807.0,8618.0,age >90
585,1247449.0,7177.0,age >90
586,563898.0,6949.0,age >90
587,467587.0,9323.0,age >90
588,217157.0,7701.0,age >90
589,430561.0,13433.0,age >90
590,518522.0,10305.0,age >90
591,739318.0,7794.0,age >90
592,177242.0,11964.0,age >90
593,165099.0,22834.0,age >90
594,262492.0,9618.0,age >90
595,176061.0,11119.0,age >90
596,383109.0,13956.0,age >90
597,311413.0,12300.0,age >90
598,251107.0,7768.0,age >90
599,272891.0,7385.0,age >90
600,358195.0,12722.0,age >90
601,503364.0,7345.0,age >90
602,225587.0,10943.0,age >90
603,57234.0,18038.0,age >90
604,1534963.0,11353.0,age >90
605,185653.0,18798.0,age >90
606,398034.0,10935.0,age >90
607,110543.0,7657.0,age >90
608,277727.0,12223.0,age >90
609,116929.0,13619.0,age >90
610,399845.0,7242.0,age >90
611,1157160.0,8306.0,age >90
612,249246.0,8612.0,age >90
613,128892.0,11413.0,age >90
614,159018.0,12221.0,age >90
615,216399.0,13586.0,age >90
616,529892.0,6646.0,age >90
617,249594.0,18154.0,age >90
618,263556.0,12073.0,age >90
619,64628.0,14914.0,age >90
620,129152.0,10988.0,age >90
621,974965.0,14985.0,age >90
622,233400.0,8637.0,age >90
623,112217.0,27449.0,age >90
624,119887.0,14042.0,age >90
625,166925.0,12071.0,age >90
626,253173.0,17123.0,age >90
627,463942.0,11195.0,age >90
628,99815.0,7058.0,age >90
629,172099.0,19372.0,age >90
630,91310.0,16306.0,age >90
631,609138.0,25223.0,age >90
632,662967.0,14316.0,age >90
633,204237.0,12513.0,age >90
634,790403.0,8869.0,age >90
635,221523.0,12913.0,age >90
636,1134996.0,16679.0,age >90
637,722040.0,10730.0,age >90
638,442643.0,14221.0,age >90
639,644507.0,11684.0,age >90
640,309686.0,27225.0,age >90
641,1033491.0,8114.0,age >90
642,299996.0,12041.0,age >90
643,88498.0,11387.0,age >90
644,270936.0,9653.0,age >90
645,349700.0,13893.0,age >90
646,223889.0,11268.0,age >90
647,206524.0,13192.0,age >90
648,309732.0,15939.0,age >90
649,214414.0,13058.0,age >90
650,195154.0,12253.0,age >90
651,478835.0,15225.0,age >90
652,101923.0,9348.0,age >90
653,351750.0,10690.0,age >90
654,74384.0,8669.0,age >90
655,428290.0,8986.0,age >90
656,394526.0,5726.0,age >90
657,105149.0,8624.0,age >90
658,164112.0,14769.0,age >90
659,185123.0,19051.0,age >90
660,176111.0,7752.0,age >90
661,172852.0,7676.0,age >90
662,554929.0,5105.0,age >90
663,769816.0,8442.0,age >90
664,332225.0,15472.0,age >90
665,220439.0,9561.0,age >90
666,67248.0,15965.0,age >90
667,194117.0,16992.0,age >90
668,837950.0,11654.0,age >90
669,175676.0,14527.0,age >90
670,241486.0,5343.0,age >90
671,208582.0,27171.0,age >90
672,242456.0,25448.0,age >90
673,88225.0,28559.0,age >90
674,284791.0,12491.0,age >90
675,100811.0,22518.0,age >90
676,103669.0,13636.0,age >90
677,594905.0,11713.0,age >90
678,334329.0,16497.0,age >90
679,311399.0,6777.0,age >90
680,250637.0,16829.0,age >90
681,187591.0,9527.0,age >90
682,339793.0,6752.0,age >90
683,130430.0,6122.0,age >90
684,226360.0,7174.0,age >90
685,1614590.0,15124.0,age >90
686,89520.0,13078.0,age >90
687,53299.0,13700.0,age >90
688,298467.0,11209.0,age >90
689,224583.0,11382.0,age >90
690,409789.0,6124.0,age >90
691,236746.0,7778.0,age >90
692,272166.0,12908.0,age >90
693,227397.0,11339.0,age >90
694,131959.0,36376.0,age >90
695,124379.0,15938.0,age >90
696,313995.0,9538.0,age >90
697,943897.0,6369.0,age >90
698,280972.0,9628.0,age >90
699,98916.0,19979.0,age >90
700,159406.0,9970.0,age >90
701,230811.0,20004.0,age >90
702,226729.0,22060.0,age >90
703,221348.0,20409.0,age >90
704,286903.0,18169.0,age >90
705,429778.0,13561.0,age >90
706,194968.0,18120.0,age >90
707,966055.0,20339.0,age >90
708,611815.0,7459.0,age >90
709,1312037.0,7957.0,age >90
710,125727.0,13006.0,age >90
711,135059.0,22196.0,age >90
712,408808.0,19879.0,age >90
713,447892.0,10249.0,age >90
714,167795.0,9729.0,age >90
715,378658.0,18354.0,age >90
716,166625.0,21180.0,age >90
717,901989.0,14942.0,age >90
718,941984.0,9062.0,age >90
719,523356.0,7478.0,age >90
720,313278.0,15635.0,age >90
721,871439.0,12340.0,age >90
722,257118.0,10576.0,age >90
723,555623.0,12695.0,age >90
724,385033.0,10573.0,age >90
725,576658.0,19424.0,age >90
726,63527.0,13432.0,age >90
727,142709.0,9382.0,age >90
728,81823.0,21217.0,age >90
729,894332.0,12409.0,age >90
730,1505734.0,15709.0,age >90
731,137815.0,17304.0,age >90
732,179042.0,7934.0,age >90
733,283024.0,17045.0,age >90
734,212562.0,9151.0,age >90
735,333609.0,15150.0,age >90
736,535503.0,10958.0,age >90
737,98698.0,5268.0,age >90
738,128080.0,13678.0,age >90
739,240329.0,11972.0,age >90
740,206929.0,14444.0,age >90
741,175196.0,18710.0,age >90
742,613703.0,11053.0,age >90
743,540948.0,14295.0,age >90
744,224014.0,17330.0,age >90
745,141278.0,9537.0,age >90
746,247135.0,19418.0,age >90
747,191115.0,15187.0,age >90
748,36111.0,14906.0,age >90
749,97472.0,31766.0,age >90
750,832250.0,8986.0,age >90
751,235950.0,13939.0,age >90
752,109068.0,14822.0,age >90
753,165020.0,12736.0,age >90
754,437008.0,18144.0,age >90
755,121140.0,12735.0,age >90
756,842301.0,9748.0,age >90
757,222390.0,8879.0,age >90
758,242235.0,9582.0,age >90
759,190244.0,9805.0,age >90
760,208997.0,18605.0,age >90
761,132575.0,11038.0,age >90
762,79365.0,16739.0,age >90
763,434835.0,16366.0,age >90
764,156507.0,20404.0,age >90
765,83364.0,13664.0,age >90
766,119067.0,9772.0,age >90
767,826924.0,6692.0,age >90
768,315904.0,13840.0,age >90
769,270985.0,16389.0,age >90
770,91593.0,23728.0,age >90
771,63875.0,16596.0,age >90
772,72856.0,10066.0,age >90
773,807992.0,15647.0,age >90
774,289631.0,19407.0,age >90
775,299585.0,18473.0,age >90
776,135061.0,15953.0,age >90
777,302999.0,14093.0,age >90
778,570322.0,12230.0,age >90
779,365660.0,16926.0,age >90
780,325297.0,11036.0,age >90
781,393712.0,25197.0,age >90
782,144234.0,13795.0,age >90
783,132112.0,11332.0,age >90
784,310427.0,10973.0,age >90
785,26770.0,7555.0,age >90
786,534651.0,15606.0,age >90
787,73486.0,10943.0,age >90
788,187567.0,14345.0,age >90
789,206091.0,8659.0,age >90
790,75601.0,15054.0,age >90
791,48727.0,7454.0,age >90
792,182709.0,7585.0,age >90
793,225520.0,19139.0,age >90
794,518042.0,12032.0,age >90
795,710174.0,15863.0,age >90
796,600058.0,8259.0,age >90
797,146886.0,17314.0,age >90
798,352011.0,10082.0,age >90
799,212290.0,15332.0,age >90
800,775734.0,19359.0,age >90
801,467430.0,28173.0,age >90
802,548281.0,8459.0,age >90
803,71522.0,12347.0,age >90
804,251230.0,8605.0,age >90
805,475510.0,11353.0,age >90
806,590612.0,15297.0,age >90
807,1097641.0,14513.0,age >90
808,220681.0,12572.0,age >90
809,748409.0,16082.0,age >90
810,65707.0,16578.0,age >90
811,496611.0,9800.0,age >90
812,79090.0,10225.0,age >90
813,378380.0,16997.0,age >90
814,65765.0,9763.0,age >90
815,461560.0,13990.0,age >90
816,661094.0,8107.0,age >90
817,94899.0,23716.0,age >90
818,81182.0,15618.0,age >90
819,77751.0,38424.0,age >90
820,24274.0,25002.0,age >90
821,190460.0,19115.0,age >90
822,259118.0,10108.0,age >90
823,725265.0,15654.0,age >90
824,278583.0,12345.0,age >90
825,48882.0,6563.0,age >90
826,245048.0,15033.0,age >90
827,228740.0,7755.0,age >90
828,338593.0,14161.0,age >90
829,2001648.0,9399.0,age >90
830,2376086.0,14609.0,age >90
831,99241.0,13708.0,age >90
832,401572.0,11290.0,age >90
833,121145.0,7729.0,age >90
834,409452.0,13751.0,age >90
835,618934.0,12752.0,age >90
836,91246.0,12354.0,age >90
837,687097.0,9518.0,age >90
838,53883.0,18376.0,age >90
839,84531.0,23650.0,age >90
840,141128.0,17428.0,age >90
841,475292.0,23617.0,age >90
842,716571.0,11144.0,age >90
843,1427746.0,12823.0,age >90
844,561180.0,11164.0,age >90
845,329572.0,10642.0,age >90
846,404655.0,9461.0,age >90
847,137201.0,5223.0,age >90
848,784737.0,7152.0,age >90
849,391058.0,10563.0,age >90
850,254743.0,8344.0,age >90
851,328430.0,23200.0,age >90
852,634708.0,10277.0,age >90
853,1037779.0,15835.0,age >90
854,164218.0,18919.0,age >90
855,640532.0,8808.0,age >90
856,3520049.0,9698.0,age >90
857,489307.0,11475.0,age >90
858,120742.0,14158.0,age >90
859,399375.0,21162.0,age >90
860,124686.0,16759.0,age >90
861,214783.0,19665.0,age >90
862,828195.0,13024.0,age >90
863,384330.0,13184.0,age >90
864,1187827.0,14904.0,age >90
865,441189.0,7426.0,age >90
866,167690.0,13929.0,age >90
867,721911.0,8065.0,age >90
868,413555.0,8778.0,age >90
869,79993.0,11156.0,age >90
870,225887.0,7975.0,age >90
871,205989.0,13595.0,age >90
872,948318.0,21671.0,age >90
873,436692.0,11237.0,age >90
874,301012.0,18159.0,age >90
875,234340.0,10908.0,age >90
876,493750.0,11226.0,age >90
877,225461.0,14119.0,age >90
878,89206.0,14328.0,age >90
879,21624.0,13783.0,age >90
880,122966.0,16154.0,age >90
881,223035.0,17367.0,age >90
882,458792.0,11008.0,age >90
883,186304.0,17912.0,age >90
884,60159.0,21856.0,age >90
885,459761.0,10935.0,age >90
886,231438.0,11473.0,age >90
887,142401.0,24492.0,age >90
888,292998.0,17104.0,age >90
889,4722183.0,9565.0,age >90
890,412533.0,7372.0,age >90
891,632682.0,9235.0,age >90
892,470213.0,14769.0,age >90
893,352043.0,38563.0,age >90
894,650576.0,11870.0,age >90
895,230654.0,12179.0,age >90
896,153071.0,9692.0,age >90
897,145103.0,10450.0,age >90
898,655107.0,12527.0,age >90
899,85309.0,12940.0,age >90
900,328785.0,13672.0,age >90
901,366257.0,8499.0,age >90
902,73327.0,8500.0,age >90
903,73877.0,9375.0,age >90
904,161714.0,11667.0,age >90
905,470913.0,19549.0,age >90
906,1083525.0,18278.0,age >90
907,572244.0,10587.0,age >90
908,435901.0,10430.0,age >90
909,372767.0,22249.0,age >90
910,127789.0,7663.0,age >90
911,338738.0,9689.0,age >90
912,274389.0,8550.0,age >90
913,366907.0,9612.0,age >90
914,84582.0,6005.0,age >90
915,268126.0,8402.0,age >90
916,531305.0,25693.0,age >90
917,100596.0,11158.0,age >90
918,177751.0,8387.0,age >90
919,428814.0,12815.0,age >90
920,1260949.0,10009.0,age >90
921,157743.0,15821.0,age >90
922,71966.0,11666.0,age >90
923,296696.0,15631.0,age >90
924,404659.0,7932.0,age >90
925,108342.0,11720.0,age >90
926,597100.0,12210.0,age >90
927,201470.0,12859.0,age >90
928,222123.0,5854.0,age >90
929,472251.0,17398.0,age >90
930,807364.0,12025.0,age >90
931,213830.0,12347.0,age >90
932,651814.0,10578.0,age >90
933,355321.0,18636.0,age >90
934,275773.0,25265.0,age >90
935,571897.0,27286.0,age >90
936,180284.0,33256.0,age >90
937,1521885.0,10964.0,age >90
938,253819.0,7460.0,age >90
939,265276.0,10027.0,age >90
940,182369.0,8852.0,age >90
941,916885.0,34503.0,age >90
942,194082.0,25421.0,age >90
943,147361.0,33879.0,age >90
944,457311.0,20021.0,age >90
945,842936.0,5947.0,age >90
946,132279.0,8742.0,age >90
947,636535.0,9811.0,age >90
948,291998.0,6495.0,age >90
949,274305.0,8194.0,age >90
950,763209.0,11795.0,age >90
951,206797.0,14530.0,age >90
952,1524355.0,5965.0,age >90
953,40133.0,10579.0,age >90
954,150980.0,20955.0,age >90
955,73576.0,8434.0,age >90
956,220019.0,12858.0,age >90
957,309201.0,25388.0,age >90
958,134103.0,13634.0,age >90
959,246253.0,25892.0,age >90
960,121537.0,16416.0,age >90
961,589451.0,10564.0,age >90
962,567123.0,10670.0,age >90
963,173713.0,24191.0,age >90
964,1717390.0,13958.0,age >90
965,149734.0,20744.0,age >90
966,110063.0,15998.0,age >90
967,78414.0,4775.0,age >90
968,478810.0,6647.0,age >90
969,166058.0,12325.0,age >90
970,137508.0,7487.0,age >90
971,249221.0,10006.0,age >90
972,234523.0,35097.0,age >90
973,301894.0,17963.0,age >90
974,1329817.0,11842.0,age >90
975,177507.0,9243.0,age >90
976,341975.0,11319.0,age >90
977,438717.0,12125.0,age >90
978,488152.0,24965.0,age >90
979,268508.0,17223.0,age >90
980,535058.0,6858.0,age >90
981,356928.0,7325.0,age >90
982,221053.0,17198.0,age >90
983,158996.0,12547.0,age >90
984,286432.0,15736.0,age >90
985,406126.0,13072.0,age >90
986,194553.0,17925.0,age >90
987,123523.0,12215.0,age >90
988,657769.0,9331.0,age >90
989,311866.0,19442.0,age >90
990,109275.0,9842.0,age >90
991,1782286.0,4886.0,age >90
992,2118979.0,9407.0,age >90
993,76681.0,7215.0,age >90
994,425739.0,9004.0,age >90
995,239953.0,13215.0,age >90
996,1133197.0,6259.0,age >90
997,201765.0,8295.0,age >90
998,220860.0,11544.0,age >90
999,345302.0,13808.0,age >90
1000,580470.0,10997.0,age >90
1001,526869.0,11747.0,age >90
1002,83541.0,14895.0,age >90
1003,183132.0,18622.0,age >90
1004,794653.0,11742.0,age >90
1005,209391.0,23429.0,age >90
1006,101998.0,13582.0,age >90
1007,134124.0,9880.0,age >90
1008,31881.0,16015.0,age 18-90
1009,128415.0,6135.0,age 18-90
1010,335677.0,9138.0,age 18-90
1011,98790.0,6423.0,age 18-90
1012,40911.0,8909.0,age 18-90
1013,36756.0,12778.0,age 18-90
1014,719856.0,12902.0,age 18-90
1015,188094.0,13219.0,age 18-90
1016,613125.0,8045.0,age 18-90
1017,1115532.0,20868.0,age 18-90
1018,275908.0,8912.0,age 18-90
1019,360957.0,7573.0,age 18-90
1020,296693.0,6588.0,age 18-90
1021,356955.0,6029.0,age 18-90
1022,244857.0,13306.0,age 18-90
1023,84732.0,8639.0,age 18-90
1024,105952.0,8802.0,age 18-90
1025,55088.0,8134.0,age 18-90
1026,243026.0,6865.0,age 18-90
1027,122345.0,11576.0,age 18-90
1028,1755404.0,9121.0,age 18-90
1029,123501.0,12215.0,age 18-90
1030,33408.0,14273.0,age 18-90
1031,222138.0,10563.0,age 18-90
1032,32178.0,9271.0,age 18-90
1033,43044.0,12397.0,age 18-90
1034,1421431.0,9075.0,age 18-90
1035,341645.0,5851.0,age 18-90
1036,1366648.0,4346.0,age 18-90
1037,646529.0,17110.0,age 18-90
1038,331642.0,9330.0,age 18-90
1039,33570.0,10518.0,age 18-90
1040,562662.0,8644.0,age 18-90
1041,110867.0,9786.0,age 18-90
1042,109422.0,13237.0,age 18-90
1043,183324.0,9424.0,age 18-90
1044,94697.0,9545.0,age 18-90
1045,226373.0,8352.0,age 18-90
1046,236183.0,7103.0,age 18-90
1047,34198.0,6432.0,age 18-90
1048,85951.0,5881.0,age 18-90
1049,193561.0,5245.0,age 18-90
1050,596460.0,7878.0,age 18-90
1051,335215.0,3932.0,age 18-90
1052,197681.0,5165.0,age 18-90
1053,2892971.0,8684.0,age 18-90
1054,158317.0,8051.0,age 18-90
1055,1172788.0,5681.0,age 18-90
1056,201441.0,5910.0,age 18-90
1057,41199.0,11821.0,age 18-90
1058,43974.0,6907.0,age 18-90
1059,29715.0,6797.0,age 18-90
1060,41472.0,10687.0,age 18-90
1061,216565.0,5396.0,age 18-90
1062,86823.0,10741.0,age 18-90
1063,68881.0,17129.0,age 18-90
1064,136641.0,7370.0,age 18-90
1065,1125689.0,11672.0,age 18-90
1066,1136687.0,8401.0,age 18-90
1067,146171.0,21233.0,age 18-90
1068,72036.0,9323.0,age 18-90
1069,695884.0,11426.0,age 18-90
1070,61348.0,12670.0,age 18-90
1071,58772.0,13247.0,age 18-90
1072,1533059.0,12186.0,age 18-90
1073,36450.0,16711.0,age 18-90
1074,56252.0,9248.0,age 18-90
1075,102834.0,7515.0,age 18-90
1076,76175.0,12887.0,age 18-90
1077,319434.0,14575.0,age 18-90
1078,67856.0,12025.0,age 18-90
1079,104613.0,13238.0,age 18-90
1080,162119.0,20344.0,age 18-90
1081,44758.0,22601.0,age 18-90
1082,38110.0,11114.0,age 18-90
1083,145864.0,11051.0,age 18-90
1084,372604.0,8677.0,age 18-90
1085,261654.0,12511.0,age 18-90
1086,58700.0,18641.0,age 18-90
1087,116032.0,11354.0,age 18-90
1088,416095.0,7383.0,age 18-90
1089,617781.0,8049.0,age 18-90
1090,897004.0,10110.0,age 18-90
1091,75464.0,9380.0,age 18-90
1092,80588.0,9603.0,age 18-90
1093,101724.0,11957.0,age 18-90
1094,17878.0,13954.0,age 18-90
1095,154541.0,11902.0,age 18-90
1096,248820.0,22544.0,age 18-90
1097,20354.0,9698.0,age 18-90
1098,86703.0,9218.0,age 18-90
1099,230677.0,12454.0,age 18-90
1100,34384.0,13304.0,age 18-90
1101,46542.0,9306.0,age 18-90
1102,93399.0,10153.0,age 18-90
1103,88476.0,8247.0,age 18-90
1104,768687.0,7946.0,age 18-90
1105,192134.0,7857.0,age 18-90
1106,171382.0,10903.0,age 18-90
1107,153505.0,4656.0,age 18-90
1108,98423.0,8061.0,age 18-90
1109,160016.0,11257.0,age 18-90
1110,232224.0,10368.0,age 18-90
1111,188607.0,10302.0,age 18-90
1112,783363.0,5477.0,age 18-90
1113,112453.0,8040.0,age 18-90
1114,73069.0,7421.0,age 18-90
1115,75331.0,9810.0,age 18-90
1116,1240364.0,7962.0,age 18-90
1117,298186.0,6814.0,age 18-90
1118,433378.0,7101.0,age 18-90
1119,136951.0,12838.0,age 18-90
1120,64317.0,10986.0,age 18-90
1121,1241351.0,8238.0,age 18-90
1122,370733.0,13353.0,age 18-90
1123,38215.0,13964.0,age 18-90
1124,294254.0,8529.0,age 18-90
1125,109681.0,14781.0,age 18-90
1126,46049.0,7018.0,age 18-90
1127,198877.0,11931.0,age 18-90
1128,3003663.0,15864.0,age 18-90
1129,3223210.0,10126.0,age 18-90
1130,112133.0,7537.0,age 18-90
1131,75786.0,7219.0,age 18-90
1132,514055.0,6796.0,age 18-90
1133,720478.0,5954.0,age 18-90
1134,176492.0,6226.0,age 18-90
1135,47881.0,13383.0,age 18-90
1136,504189.0,23256.0,age 18-90
1137,103298.0,1381.0,age 18-90
1138,336177.0,26131.0,age 18-90
1139,38269.0,20951.0,age 18-90
1140,287170.0,11662.0,age 18-90
1141,35190.0,12007.0,age 18-90
1142,130028.0,15052.0,age 18-90
1143,98372.0,14127.0,age 18-90
1144,60199.0,14999.0,age 18-90
1145,120841.0,15846.0,age 18-90
1146,27246.0,10234.0,age 18-90
1147,257229.0,10635.0,age 18-90
1148,197458.0,9219.0,age 18-90
1149,652742.0,10085.0,age 18-90
1150,199772.0,9868.0,age 18-90
1151,234282.0,7364.0,age 18-90
1152,988874.0,5155.0,age 18-90
1153,94201.0,21105.0,age 18-90
1154,58138.0,12673.0,age 18-90
1155,979325.0,12347.0,age 18-90
1156,71341.0,9862.0,age 18-90
1157,1197639.0,10870.0,age 18-90
1158,451398.0,6599.0,age 18-90
1159,51997.0,14313.0,age 18-90
1160,128677.0,9207.0,age 18-90
1161,85443.0,9856.0,age 18-90
1162,1683767.0,13249.0,age 18-90
1163,367396.0,17065.0,age 18-90
1164,9885.0,17547.0,age 18-90
1165,56256.0,19602.0,age 18-90
1166,198750.0,9695.0,age 18-90
1167,16647.0,17552.0,age 18-90
1168,99891.0,13622.0,age 18-90
1169,432155.0,13916.0,age 18-90
1170,645277.0,16400.0,age 18-90
1171,87275.0,11689.0,age 18-90
1172,61988.0,9621.0,age 18-90
1173,139332.0,11364.0,age 18-90
1174,104623.0,18148.0,age 18-90
1175,290544.0,15230.0,age 18-90
1176,16993.0,19134.0,age 18-90
1177,1163693.0,7419.0,age 18-90
1178,84305.0,16541.0,age 18-90
1179,680676.0,17039.0,age 18-90
1180,18845.0,14134.0,age 18-90
1181,117882.0,5779.0,age 18-90
1182,75711.0,20801.0,age 18-90
1183,241016.0,7665.0,age 18-90
1184,113361.0,10523.0,age 18-90
1185,72633.0,12725.0,age 18-90
1186,298528.0,7468.0,age 18-90
1187,690396.0,13497.0,age 18-90
1188,32442.0,12586.0,age 18-90
1189,58723.0,11360.0,age 18-90
1190,417723.0,22416.0,age 18-90
1191,219037.0,9227.0,age 18-90
1192,1496296.0,8527.0,age 18-90
1193,418718.0,9531.0,age 18-90
1194,710512.0,13904.0,age 18-90
1195,665168.0,9591.0,age 18-90
1196,82638.0,1590.0,age 18-90
1197,128469.0,7685.0,age 18-90
1198,88485.0,12821.0,age 18-90
1199,324780.0,9884.0,age 18-90
1200,13822.0,12263.0,age 18-90
1201,503316.0,12284.0,age 18-90
1202,219695.0,18230.0,age 18-90
1203,1180466.0,8207.0,age 18-90
1204,54348.0,7374.0,age 18-90
1205,854866.0,4020.0,age 18-90
1206,953362.0,9476.0,age 18-90
1207,85044.0,17217.0,age 18-90
1208,86882.0,16090.0,age 18-90
1209,210927.0,7514.0,age 18-90
1210,479120.0,7387.0,age 18-90
1211,457101.0,9827.0,age 18-90
1212,102266.0,6340.0,age 18-90
1213,1077979.0,4714.0,age 18-90
1214,93102.0,8513.0,age 18-90
1215,958085.0,6558.0,age 18-90
1216,84660.0,10174.0,age 18-90
1217,233508.0,13583.0,age 18-90
1218,1288034.0,7220.0,age 18-90
1219,674010.0,5468.0,age 18-90
1220,324817.0,5831.0,age 18-90
1221,118528.0,5064.0,age 18-90
1222,138536.0,4692.0,age 18-90
1223,2217066.0,6927.0,age 18-90
1224,494063.0,6959.0,age 18-90
1225,138199.0,7420.0,age 18-90
1226,44451.0,11936.0,age 18-90
1227,72279.0,9328.0,age 18-90
1228,43709.0,9652.0,age 18-90
1229,40120.0,19494.0,age 18-90
1230,445777.0,7331.0,age 18-90
1231,111563.0,20940.0,age 18-90
1232,139508.0,15912.0,age 18-90
1233,651942.0,16064.0,age 18-90
1234,60603.0,13426.0,age 18-90
1235,1139575.0,6333.0,age 18-90
1236,99953.0,15889.0,age 18-90
1237,646393.0,18366.0,age 18-90
1238,59265.0,19547.0,age 18-90
1239,1843056.0,8130.0,age 18-90
1240,84851.0,22200.0,age 18-90
1241,394966.0,16290.0,age 18-90
1242,57929.0,13620.0,age 18-90
1243,111508.0,17053.0,age 18-90
1244,222692.0,8058.0,age 18-90
1245,886550.0,5441.0,age 18-90
1246,760691.0,7069.0,age 18-90
1247,277429.0,7808.0,age 18-90
1248,566434.0,8761.0,age 18-90
1249,508739.0,4394.0,age 18-90
1250,27540.0,9465.0,age 18-90
1251,180544.0,6633.0,age 18-90
1252,242898.0,13150.0,age 18-90
1253,76380.0,6582.0,age 18-90
1254,26180.0,7965.0,age 18-90
1255,817565.0,10295.0,age 18-90
1256,51964.0,4299.0,age 18-90
1257,182363.0,10795.0,age 18-90
1258,1605800.0,11276.0,age 18-90
1259,925092.0,11242.0,age 18-90
1260,328553.0,9197.0,age 18-90
1261,92242.0,16509.0,age 18-90
1262,50194.0,14849.0,age 18-90
1263,129688.0,14401.0,age 18-90
1264,276519.0,14559.0,age 18-90
1265,83788.0,10552.0,age 18-90
1266,62869.0,20536.0,age 18-90
1267,36129.0,15939.0,age 18-90
1268,20814.0,13728.0,age 18-90
1269,25230.0,7510.0,age 18-90
1270,350319.0,6493.0,age 18-90
1271,96248.0,6577.0,age 18-90
1272,918845.0,6963.0,age 18-90
1273,858451.0,7669.0,age 18-90
1274,343486.0,6855.0,age 18-90
1275,118675.0,4876.0,age 18-90
1276,169781.0,8182.0,age 18-90
1277,35663.0,13838.0,age 18-90
1278,408383.0,12922.0,age 18-90
1279,599904.0,12145.0,age 18-90
1280,989749.0,14585.0,age 18-90
1281,204703.0,13317.0,age 18-90
1282,142445.0,14302.0,age 18-90
1283,173993.0,9572.0,age 18-90
1284,89034.0,6960.0,age 18-90
1285,110909.0,18250.0,age 18-90
1286,65680.0,11764.0,age 18-90
1287,157048.0,13703.0,age 18-90
1288,144360.0,9686.0,age 18-90
1289,42871.0,8413.0,age 18-90
1290,167973.0,6971.0,age 18-90
1291,655792.0,11553.0,age 18-90
1292,156379.0,5305.0,age 18-90
1293,431642.0,11822.0,age 18-90
1294,856841.0,11030.0,age 18-90
1295,84254.0,9648.0,age 18-90
1296,161764.0,6222.0,age 18-90
1297,137252.0,8064.0,age 18-90
1298,356669.0,5262.0,age 18-90
1299,247189.0,9319.0,age 18-90
1300,419707.0,13418.0,age 18-90
1301,297880.0,10002.0,age 18-90
1302,572829.0,28511.0,age 18-90
1303,1318950.0,26246.0,age 18-90
1304,577579.0,25584.0,age 18-90
1305,1328906.0,34510.0,age 18-90
1306,86714.0,17559.0,age 18-90
1307,149675.0,26569.0,age 18-90
1308,152103.0,37861.0,age 18-90
1309,413612.0,32162.0,age 18-90
1310,74794.0,20877.0,age 18-90
1311,118189.0,17733.0,age 18-90
1312,39451.0,22008.0,age 18-90
1313,300202.0,13391.0,age 18-90
1314,715189.0,16342.0,age 18-90
1315,55279.0,33717.0,age 18-90
1316,146113.0,12729.0,age 18-90
1317,2243836.0,12703.0,age 18-90
1318,72557.0,21507.0,age 18-90
1319,804574.0,17650.0,age 18-90
1320,198756.0,19482.0,age 18-90
1321,229695.0,5426.0,age 18-90
1322,930161.0,5157.0,age 18-90
1323,200978.0,6031.0,age 18-90
1324,91892.0,7101.0,age 18-90
1325,128445.0,8518.0,age 18-90
1326,1211488.0,6830.0,age 18-90
1327,286890.0,7757.0,age 18-90
1328,26886.0,10124.0,age 18-90
1329,134163.0,7381.0,age 18-90
1330,197915.0,12401.0,age 18-90
1331,532404.0,10067.0,age 18-90
1332,143998.0,5262.0,age 18-90
1333,126088.0,7473.0,age 18-90
1334,183911.0,15789.0,age 18-90
1335,516212.0,6472.0,age 18-90
1336,65222.0,12545.0,age 18-90
1337,155006.0,16040.0,age 18-90
1338,485181.0,9433.0,age 18-90
1339,597293.0,15873.0,age 18-90
1340,207388.0,23341.0,age 18-90
1341,355475.0,5988.0,age 18-90
1342,207638.0,8308.0,age 18-90
1343,57256.0,11254.0,age 18-90
1344,311806.0,19716.0,age 18-90
1345,153293.0,13631.0,age 18-90
1346,58853.0,19863.0,age 18-90
1347,86009.0,10410.0,age 18-90
1348,219896.0,6264.0,age 18-90
1349,244953.0,8911.0,age 18-90
1350,952489.0,6020.0,age 18-90
1351,77787.0,5673.0,age 18-90
1352,857802.0,9056.0,age 18-90
1353,343934.0,8207.0,age 18-90
1354,105978.0,6232.0,age 18-90
1355,215763.0,11433.0,age 18-90
1356,51354.0,9584.0,age 18-90
1357,141848.0,7216.0,age 18-90
1358,630998.0,5059.0,age 18-90
1359,226822.0,6503.0,age 18-90
1360,1062100.0,7407.0,age 18-90
1361,96842.0,9018.0,age 18-90
1362,283536.0,6983.0,age 18-90
1363,610073.0,8508.0,age 18-90
1364,34466.0,7931.0,age 18-90
1365,325770.0,4658.0,age 18-90
1366,178213.0,9866.0,age 18-90
1367,165487.0,6065.0,age 18-90
1368,28240.0,4606.0,age 18-90
1369,46638.0,6929.0,age 18-90
1370,61980.0,7322.0,age 18-90
1371,1254108.0,9114.0,age 18-90
1372,134940.0,12543.0,age 18-90
1373,245611.0,7024.0,age 18-90
1374,382866.0,5736.0,age 18-90
1375,67307.0,8490.0,age 18-90
1376,93780.0,12705.0,age 18-90
1377,479229.0,8566.0,age 18-90
1378,336948.0,9316.0,age 18-90
1379,234830.0,14601.0,age 18-90
1380,82370.0,13435.0,age 18-90
1381,245592.0,8172.0,age 18-90
1382,158707.0,6620.0,age 18-90
1383,163609.0,6367.0,age 18-90
1384,1177782.0,5738.0,age 18-90
1385,492084.0,8162.0,age 18-90
1386,265996.0,6447.0,age 18-90
1387,37448.0,10518.0,age 18-90
1388,119446.0,13236.0,age 18-90
1389,739552.0,9157.0,age 18-90
1390,1003321.0,8870.0,age 18-90
1391,172688.0,18895.0,age 18-90
1392,715751.0,4657.0,age 18-90
1393,44687.0,14686.0,age 18-90
1394,880210.0,9109.0,age 18-90
1395,114460.0,6729.0,age 18-90
1396,67397.0,7270.0,age 18-90
1397,231512.0,6284.0,age 18-90
1398,126866.0,8168.0,age 18-90
1399,229406.0,9066.0,age 18-90
1400,168337.0,16736.0,age 18-90
1401,66891.0,7322.0,age 18-90
1402,1530341.0,10014.0,age 18-90
1403,124912.0,9981.0,age 18-90
1404,296603.0,8696.0,age 18-90
1405,127988.0,18213.0,age 18-90
1406,118177.0,22398.0,age 18-90
1407,198319.0,18776.0,age 18-90
1408,292607.0,16679.0,age 18-90
1409,216382.0,10894.0,age 18-90
1410,126972.0,15463.0,age 18-90
1411,278920.0,9302.0,age 18-90
1412,132405.0,11949.0,age 18-90
1413,80054.0,9828.0,age 18-90
1414,78681.0,14052.0,age 18-90
1415,245117.0,9743.0,age 18-90
1416,55587.0,20626.0,age 18-90
1417,908499.0,9192.0,age 18-90
1418,306095.0,9458.0,age 18-90
1419,93211.0,13863.0,age 18-90
1420,185641.0,10331.0,age 18-90
1421,122349.0,9656.0,age 18-90
1422,119015.0,11121.0,age 18-90
1423,277966.0,15428.0,age 18-90
1424,25262.0,10255.0,age 18-90
1425,131778.0,9382.0,age 18-90
1426,786339.0,11857.0,age 18-90
1427,292640.0,8623.0,age 18-90
1428,1536614.0,15696.0,age 18-90
1429,195386.0,11898.0,age 18-90
1430,505773.0,14458.0,age 18-90
1431,159608.0,9345.0,age 18-90
1432,52805.0,7587.0,age 18-90
1433,1816733.0,18031.0,age 18-90
1434,629898.0,7907.0,age 18-90
